[2021-07-17 06:10:10] local.ERROR: Class 'Laravel\Ui\UiServiceProvider' not found {"exception":"[object] (Error(code: 0): Class 'Laravel\\Ui\\UiServiceProvider' not found at /home/ua_user/web/vds45379nl.hyperhost.name/public_html/vendor/laravel/framework/src/Illuminate/Foundation/Application.php:735)
[stacktrace]
#0 /home/ua_user/web/vds45379nl.hyperhost.name/public_html/vendor/laravel/framework/src/Illuminate/Foundation/Application.php(669): Illuminate\\Foundation\\Application->resolveProvider()
#1 /home/ua_user/web/vds45379nl.hyperhost.name/public_html/vendor/laravel/framework/src/Illuminate/Foundation/ProviderRepository.php(75): Illuminate\\Foundation\\Application->register()
#2 /home/ua_user/web/vds45379nl.hyperhost.name/public_html/vendor/laravel/framework/src/Illuminate/Foundation/Application.php(649): Illuminate\\Foundation\\ProviderRepository->load()
#3 /home/ua_user/web/vds45379nl.hyperhost.name/public_html/vendor/laravel/framework/src/Illuminate/Foundation/Bootstrap/RegisterProviders.php(17): Illuminate\\Foundation\\Application->registerConfiguredProviders()
#4 /home/ua_user/web/vds45379nl.hyperhost.name/public_html/vendor/laravel/framework/src/Illuminate/Foundation/Application.php(237): Illuminate\\Foundation\\Bootstrap\\RegisterProviders->bootstrap()
#5 /home/ua_user/web/vds45379nl.hyperhost.name/public_html/vendor/laravel/framework/src/Illuminate/Foundation/Http/Kernel.php(152): Illuminate\\Foundation\\Application->bootstrapWith()
#6 /home/ua_user/web/vds45379nl.hyperhost.name/public_html/vendor/laravel/framework/src/Illuminate/Foundation/Http/Kernel.php(136): Illuminate\\Foundation\\Http\\Kernel->bootstrap()
#7 /home/ua_user/web/vds45379nl.hyperhost.name/public_html/vendor/laravel/framework/src/Illuminate/Foundation/Http/Kernel.php(110): Illuminate\\Foundation\\Http\\Kernel->sendRequestThroughRouter()
#8 /home/ua_user/web/vds45379nl.hyperhost.name/public_html/public/index.php(52): Illuminate\\Foundation\\Http\\Kernel->handle()
#9 {main}
"} 
[2021-07-17 06:10:26] local.ERROR: Class 'Laravel\Ui\UiServiceProvider' not found {"exception":"[object] (Error(code: 0): Class 'Laravel\\Ui\\UiServiceProvider' not found at /home/ua_user/web/vds45379nl.hyperhost.name/public_html/vendor/laravel/framework/src/Illuminate/Foundation/Application.php:735)
[stacktrace]
#0 /home/ua_user/web/vds45379nl.hyperhost.name/public_html/vendor/laravel/framework/src/Illuminate/Foundation/Application.php(669): Illuminate\\Foundation\\Application->resolveProvider()
#1 /home/ua_user/web/vds45379nl.hyperhost.name/public_html/vendor/laravel/framework/src/Illuminate/Foundation/ProviderRepository.php(75): Illuminate\\Foundation\\Application->register()
#2 /home/ua_user/web/vds45379nl.hyperhost.name/public_html/vendor/laravel/framework/src/Illuminate/Foundation/Application.php(649): Illuminate\\Foundation\\ProviderRepository->load()
#3 /home/ua_user/web/vds45379nl.hyperhost.name/public_html/vendor/laravel/framework/src/Illuminate/Foundation/Bootstrap/RegisterProviders.php(17): Illuminate\\Foundation\\Application->registerConfiguredProviders()
#4 /home/ua_user/web/vds45379nl.hyperhost.name/public_html/vendor/laravel/framework/src/Illuminate/Foundation/Application.php(237): Illuminate\\Foundation\\Bootstrap\\RegisterProviders->bootstrap()
#5 /home/ua_user/web/vds45379nl.hyperhost.name/public_html/vendor/laravel/framework/src/Illuminate/Foundation/Http/Kernel.php(152): Illuminate\\Foundation\\Application->bootstrapWith()
#6 /home/ua_user/web/vds45379nl.hyperhost.name/public_html/vendor/laravel/framework/src/Illuminate/Foundation/Http/Kernel.php(136): Illuminate\\Foundation\\Http\\Kernel->bootstrap()
#7 /home/ua_user/web/vds45379nl.hyperhost.name/public_html/vendor/laravel/framework/src/Illuminate/Foundation/Http/Kernel.php(110): Illuminate\\Foundation\\Http\\Kernel->sendRequestThroughRouter()
#8 /home/ua_user/web/vds45379nl.hyperhost.name/public_html/public/index.php(52): Illuminate\\Foundation\\Http\\Kernel->handle()
#9 {main}
"} 
[2021-07-17 06:12:04] local.ERROR: Class 'Laravel\Ui\UiServiceProvider' not found {"exception":"[object] (Error(code: 0): Class 'Laravel\\Ui\\UiServiceProvider' not found at /home/ua_user/web/vds45379nl.hyperhost.name/public_html/vendor/laravel/framework/src/Illuminate/Foundation/Application.php:735)
[stacktrace]
#0 /home/ua_user/web/vds45379nl.hyperhost.name/public_html/vendor/laravel/framework/src/Illuminate/Foundation/Application.php(669): Illuminate\\Foundation\\Application->resolveProvider()
#1 /home/ua_user/web/vds45379nl.hyperhost.name/public_html/vendor/laravel/framework/src/Illuminate/Foundation/ProviderRepository.php(75): Illuminate\\Foundation\\Application->register()
#2 /home/ua_user/web/vds45379nl.hyperhost.name/public_html/vendor/laravel/framework/src/Illuminate/Foundation/Application.php(649): Illuminate\\Foundation\\ProviderRepository->load()
#3 /home/ua_user/web/vds45379nl.hyperhost.name/public_html/vendor/laravel/framework/src/Illuminate/Foundation/Bootstrap/RegisterProviders.php(17): Illuminate\\Foundation\\Application->registerConfiguredProviders()
#4 /home/ua_user/web/vds45379nl.hyperhost.name/public_html/vendor/laravel/framework/src/Illuminate/Foundation/Application.php(237): Illuminate\\Foundation\\Bootstrap\\RegisterProviders->bootstrap()
#5 /home/ua_user/web/vds45379nl.hyperhost.name/public_html/vendor/laravel/framework/src/Illuminate/Foundation/Http/Kernel.php(152): Illuminate\\Foundation\\Application->bootstrapWith()
#6 /home/ua_user/web/vds45379nl.hyperhost.name/public_html/vendor/laravel/framework/src/Illuminate/Foundation/Http/Kernel.php(136): Illuminate\\Foundation\\Http\\Kernel->bootstrap()
#7 /home/ua_user/web/vds45379nl.hyperhost.name/public_html/vendor/laravel/framework/src/Illuminate/Foundation/Http/Kernel.php(110): Illuminate\\Foundation\\Http\\Kernel->sendRequestThroughRouter()
#8 /home/ua_user/web/vds45379nl.hyperhost.name/public_html/public/index.php(52): Illuminate\\Foundation\\Http\\Kernel->handle()
#9 {main}
"} 
[2021-07-17 13:48:16] local.ERROR: View [home] not found. {"exception":"[object] (InvalidArgumentException(code: 0): View [home] not found. at /home/ua_user/web/vds45379nl.hyperhost.name/public_html/vendor/laravel/framework/src/Illuminate/View/FileViewFinder.php:137)
[stacktrace]
#0 /home/ua_user/web/vds45379nl.hyperhost.name/public_html/vendor/laravel/framework/src/Illuminate/View/FileViewFinder.php(79): Illuminate\\View\\FileViewFinder->findInPaths()
#1 /home/ua_user/web/vds45379nl.hyperhost.name/public_html/vendor/laravel/framework/src/Illuminate/View/Factory.php(138): Illuminate\\View\\FileViewFinder->find()
#2 /home/ua_user/web/vds45379nl.hyperhost.name/public_html/vendor/laravel/framework/src/Illuminate/Foundation/helpers.php(919): Illuminate\\View\\Factory->make()
#3 /home/ua_user/web/vds45379nl.hyperhost.name/public_html/routes/web.php(17): view()
#4 /home/ua_user/web/vds45379nl.hyperhost.name/public_html/vendor/laravel/framework/src/Illuminate/Routing/Route.php(230): Illuminate\\Routing\\RouteFileRegistrar->{closure}()
#5 /home/ua_user/web/vds45379nl.hyperhost.name/public_html/vendor/laravel/framework/src/Illuminate/Routing/Route.php(200): Illuminate\\Routing\\Route->runCallable()
#6 /home/ua_user/web/vds45379nl.hyperhost.name/public_html/vendor/laravel/framework/src/Illuminate/Routing/Router.php(695): Illuminate\\Routing\\Route->run()
#7 /home/ua_user/web/vds45379nl.hyperhost.name/public_html/vendor/laravel/framework/src/Illuminate/Pipeline/Pipeline.php(128): Illuminate\\Routing\\Router->Illuminate\\Routing\\{closure}()
#8 /home/ua_user/web/vds45379nl.hyperhost.name/public_html/vendor/laravel/framework/src/Illuminate/Routing/Middleware/SubstituteBindings.php(50): Illuminate\\Pipeline\\Pipeline->Illuminate\\Pipeline\\{closure}()
#9 /home/ua_user/web/vds45379nl.hyperhost.name/public_html/vendor/laravel/framework/src/Illuminate/Pipeline/Pipeline.php(167): Illuminate\\Routing\\Middleware\\SubstituteBindings->handle()
#10 /home/ua_user/web/vds45379nl.hyperhost.name/public_html/vendor/laravel/framework/src/Illuminate/Foundation/Http/Middleware/VerifyCsrfToken.php(78): Illuminate\\Pipeline\\Pipeline->Illuminate\\Pipeline\\{closure}()
#11 /home/ua_user/web/vds45379nl.hyperhost.name/public_html/vendor/laravel/framework/src/Illuminate/Pipeline/Pipeline.php(167): Illuminate\\Foundation\\Http\\Middleware\\VerifyCsrfToken->handle()
#12 /home/ua_user/web/vds45379nl.hyperhost.name/public_html/vendor/laravel/framework/src/Illuminate/View/Middleware/ShareErrorsFromSession.php(49): Illuminate\\Pipeline\\Pipeline->Illuminate\\Pipeline\\{closure}()
#13 /home/ua_user/web/vds45379nl.hyperhost.name/public_html/vendor/laravel/framework/src/Illuminate/Pipeline/Pipeline.php(167): Illuminate\\View\\Middleware\\ShareErrorsFromSession->handle()
#14 /home/ua_user/web/vds45379nl.hyperhost.name/public_html/vendor/laravel/framework/src/Illuminate/Session/Middleware/StartSession.php(121): Illuminate\\Pipeline\\Pipeline->Illuminate\\Pipeline\\{closure}()
#15 /home/ua_user/web/vds45379nl.hyperhost.name/public_html/vendor/laravel/framework/src/Illuminate/Session/Middleware/StartSession.php(64): Illuminate\\Session\\Middleware\\StartSession->handleStatefulRequest()
#16 /home/ua_user/web/vds45379nl.hyperhost.name/public_html/vendor/laravel/framework/src/Illuminate/Pipeline/Pipeline.php(167): Illuminate\\Session\\Middleware\\StartSession->handle()
#17 /home/ua_user/web/vds45379nl.hyperhost.name/public_html/vendor/laravel/framework/src/Illuminate/Cookie/Middleware/AddQueuedCookiesToResponse.php(37): Illuminate\\Pipeline\\Pipeline->Illuminate\\Pipeline\\{closure}()
#18 /home/ua_user/web/vds45379nl.hyperhost.name/public_html/vendor/laravel/framework/src/Illuminate/Pipeline/Pipeline.php(167): Illuminate\\Cookie\\Middleware\\AddQueuedCookiesToResponse->handle()
#19 /home/ua_user/web/vds45379nl.hyperhost.name/public_html/vendor/laravel/framework/src/Illuminate/Cookie/Middleware/EncryptCookies.php(67): Illuminate\\Pipeline\\Pipeline->Illuminate\\Pipeline\\{closure}()
#20 /home/ua_user/web/vds45379nl.hyperhost.name/public_html/vendor/laravel/framework/src/Illuminate/Pipeline/Pipeline.php(167): Illuminate\\Cookie\\Middleware\\EncryptCookies->handle()
#21 /home/ua_user/web/vds45379nl.hyperhost.name/public_html/vendor/laravel/framework/src/Illuminate/Pipeline/Pipeline.php(103): Illuminate\\Pipeline\\Pipeline->Illuminate\\Pipeline\\{closure}()
#22 /home/ua_user/web/vds45379nl.hyperhost.name/public_html/vendor/laravel/framework/src/Illuminate/Routing/Router.php(697): Illuminate\\Pipeline\\Pipeline->then()
#23 /home/ua_user/web/vds45379nl.hyperhost.name/public_html/vendor/laravel/framework/src/Illuminate/Routing/Router.php(672): Illuminate\\Routing\\Router->runRouteWithinStack()
#24 /home/ua_user/web/vds45379nl.hyperhost.name/public_html/vendor/laravel/framework/src/Illuminate/Routing/Router.php(636): Illuminate\\Routing\\Router->runRoute()
#25 /home/ua_user/web/vds45379nl.hyperhost.name/public_html/vendor/laravel/framework/src/Illuminate/Routing/Router.php(625): Illuminate\\Routing\\Router->dispatchToRoute()
#26 /home/ua_user/web/vds45379nl.hyperhost.name/public_html/vendor/laravel/framework/src/Illuminate/Foundation/Http/Kernel.php(166): Illuminate\\Routing\\Router->dispatch()
#27 /home/ua_user/web/vds45379nl.hyperhost.name/public_html/vendor/laravel/framework/src/Illuminate/Pipeline/Pipeline.php(128): Illuminate\\Foundation\\Http\\Kernel->Illuminate\\Foundation\\Http\\{closure}()
#28 /home/ua_user/web/vds45379nl.hyperhost.name/public_html/vendor/laravel/framework/src/Illuminate/Foundation/Http/Middleware/TransformsRequest.php(21): Illuminate\\Pipeline\\Pipeline->Illuminate\\Pipeline\\{closure}()
#29 /home/ua_user/web/vds45379nl.hyperhost.name/public_html/vendor/laravel/framework/src/Illuminate/Foundation/Http/Middleware/ConvertEmptyStringsToNull.php(31): Illuminate\\Foundation\\Http\\Middleware\\TransformsRequest->handle()
#30 /home/ua_user/web/vds45379nl.hyperhost.name/public_html/vendor/laravel/framework/src/Illuminate/Pipeline/Pipeline.php(167): Illuminate\\Foundation\\Http\\Middleware\\ConvertEmptyStringsToNull->handle()
#31 /home/ua_user/web/vds45379nl.hyperhost.name/public_html/vendor/laravel/framework/src/Illuminate/Foundation/Http/Middleware/TransformsRequest.php(21): Illuminate\\Pipeline\\Pipeline->Illuminate\\Pipeline\\{closure}()
#32 /home/ua_user/web/vds45379nl.hyperhost.name/public_html/vendor/laravel/framework/src/Illuminate/Foundation/Http/Middleware/TrimStrings.php(40): Illuminate\\Foundation\\Http\\Middleware\\TransformsRequest->handle()
#33 /home/ua_user/web/vds45379nl.hyperhost.name/public_html/vendor/laravel/framework/src/Illuminate/Pipeline/Pipeline.php(167): Illuminate\\Foundation\\Http\\Middleware\\TrimStrings->handle()
#34 /home/ua_user/web/vds45379nl.hyperhost.name/public_html/vendor/laravel/framework/src/Illuminate/Foundation/Http/Middleware/ValidatePostSize.php(27): Illuminate\\Pipeline\\Pipeline->Illuminate\\Pipeline\\{closure}()
#35 /home/ua_user/web/vds45379nl.hyperhost.name/public_html/vendor/laravel/framework/src/Illuminate/Pipeline/Pipeline.php(167): Illuminate\\Foundation\\Http\\Middleware\\ValidatePostSize->handle()
#36 /home/ua_user/web/vds45379nl.hyperhost.name/public_html/vendor/laravel/framework/src/Illuminate/Foundation/Http/Middleware/PreventRequestsDuringMaintenance.php(86): Illuminate\\Pipeline\\Pipeline->Illuminate\\Pipeline\\{closure}()
#37 /home/ua_user/web/vds45379nl.hyperhost.name/public_html/vendor/laravel/framework/src/Illuminate/Pipeline/Pipeline.php(167): Illuminate\\Foundation\\Http\\Middleware\\PreventRequestsDuringMaintenance->handle()
#38 /home/ua_user/web/vds45379nl.hyperhost.name/public_html/vendor/fruitcake/laravel-cors/src/HandleCors.php(38): Illuminate\\Pipeline\\Pipeline->Illuminate\\Pipeline\\{closure}()
#39 /home/ua_user/web/vds45379nl.hyperhost.name/public_html/vendor/laravel/framework/src/Illuminate/Pipeline/Pipeline.php(167): Fruitcake\\Cors\\HandleCors->handle()
#40 /home/ua_user/web/vds45379nl.hyperhost.name/public_html/vendor/fideloper/proxy/src/TrustProxies.php(57): Illuminate\\Pipeline\\Pipeline->Illuminate\\Pipeline\\{closure}()
#41 /home/ua_user/web/vds45379nl.hyperhost.name/public_html/vendor/laravel/framework/src/Illuminate/Pipeline/Pipeline.php(167): Fideloper\\Proxy\\TrustProxies->handle()
#42 /home/ua_user/web/vds45379nl.hyperhost.name/public_html/vendor/laravel/framework/src/Illuminate/Pipeline/Pipeline.php(103): Illuminate\\Pipeline\\Pipeline->Illuminate\\Pipeline\\{closure}()
#43 /home/ua_user/web/vds45379nl.hyperhost.name/public_html/vendor/laravel/framework/src/Illuminate/Foundation/Http/Kernel.php(141): Illuminate\\Pipeline\\Pipeline->then()
#44 /home/ua_user/web/vds45379nl.hyperhost.name/public_html/vendor/laravel/framework/src/Illuminate/Foundation/Http/Kernel.php(110): Illuminate\\Foundation\\Http\\Kernel->sendRequestThroughRouter()
#45 /home/ua_user/web/vds45379nl.hyperhost.name/public_html/public/index.php(52): Illuminate\\Foundation\\Http\\Kernel->handle()
#46 {main}
"} 
[2021-07-17 13:48:16] local.ERROR: file_put_contents(C:\Users\User\PhpstormProjects\my_ua\weua\storage\framework/sessions/PCfV7jVzCsjy0ZR37e8aoIhTkIW8evwQmTsGrnzB): failed to open stream: No such file or directory {"exception":"[object] (ErrorException(code: 0): file_put_contents(C:\\Users\\User\\PhpstormProjects\\my_ua\\weua\\storage\\framework/sessions/PCfV7jVzCsjy0ZR37e8aoIhTkIW8evwQmTsGrnzB): failed to open stream: No such file or directory at /home/ua_user/web/vds45379nl.hyperhost.name/public_html/vendor/laravel/framework/src/Illuminate/Filesystem/Filesystem.php:187)
[stacktrace]
#0 [internal function]: Illuminate\\Foundation\\Bootstrap\\HandleExceptions->handleError()
#1 /home/ua_user/web/vds45379nl.hyperhost.name/public_html/vendor/laravel/framework/src/Illuminate/Filesystem/Filesystem.php(187): file_put_contents()
#2 /home/ua_user/web/vds45379nl.hyperhost.name/public_html/vendor/laravel/framework/src/Illuminate/Session/FileSessionHandler.php(83): Illuminate\\Filesystem\\Filesystem->put()
#3 /home/ua_user/web/vds45379nl.hyperhost.name/public_html/vendor/laravel/framework/src/Illuminate/Session/Store.php(129): Illuminate\\Session\\FileSessionHandler->write()
#4 /home/ua_user/web/vds45379nl.hyperhost.name/public_html/vendor/laravel/framework/src/Illuminate/Session/Middleware/StartSession.php(236): Illuminate\\Session\\Store->save()
#5 /home/ua_user/web/vds45379nl.hyperhost.name/public_html/vendor/laravel/framework/src/Illuminate/Session/Middleware/StartSession.php(130): Illuminate\\Session\\Middleware\\StartSession->saveSession()
#6 /home/ua_user/web/vds45379nl.hyperhost.name/public_html/vendor/laravel/framework/src/Illuminate/Session/Middleware/StartSession.php(64): Illuminate\\Session\\Middleware\\StartSession->handleStatefulRequest()
#7 /home/ua_user/web/vds45379nl.hyperhost.name/public_html/vendor/laravel/framework/src/Illuminate/Pipeline/Pipeline.php(167): Illuminate\\Session\\Middleware\\StartSession->handle()
#8 /home/ua_user/web/vds45379nl.hyperhost.name/public_html/vendor/laravel/framework/src/Illuminate/Cookie/Middleware/AddQueuedCookiesToResponse.php(37): Illuminate\\Pipeline\\Pipeline->Illuminate\\Pipeline\\{closure}()
#9 /home/ua_user/web/vds45379nl.hyperhost.name/public_html/vendor/laravel/framework/src/Illuminate/Pipeline/Pipeline.php(167): Illuminate\\Cookie\\Middleware\\AddQueuedCookiesToResponse->handle()
#10 /home/ua_user/web/vds45379nl.hyperhost.name/public_html/vendor/laravel/framework/src/Illuminate/Cookie/Middleware/EncryptCookies.php(67): Illuminate\\Pipeline\\Pipeline->Illuminate\\Pipeline\\{closure}()
#11 /home/ua_user/web/vds45379nl.hyperhost.name/public_html/vendor/laravel/framework/src/Illuminate/Pipeline/Pipeline.php(167): Illuminate\\Cookie\\Middleware\\EncryptCookies->handle()
#12 /home/ua_user/web/vds45379nl.hyperhost.name/public_html/vendor/laravel/framework/src/Illuminate/Pipeline/Pipeline.php(103): Illuminate\\Pipeline\\Pipeline->Illuminate\\Pipeline\\{closure}()
#13 /home/ua_user/web/vds45379nl.hyperhost.name/public_html/vendor/laravel/framework/src/Illuminate/Routing/Router.php(697): Illuminate\\Pipeline\\Pipeline->then()
#14 /home/ua_user/web/vds45379nl.hyperhost.name/public_html/vendor/laravel/framework/src/Illuminate/Routing/Router.php(672): Illuminate\\Routing\\Router->runRouteWithinStack()
#15 /home/ua_user/web/vds45379nl.hyperhost.name/public_html/vendor/laravel/framework/src/Illuminate/Routing/Router.php(636): Illuminate\\Routing\\Router->runRoute()
#16 /home/ua_user/web/vds45379nl.hyperhost.name/public_html/vendor/laravel/framework/src/Illuminate/Routing/Router.php(625): Illuminate\\Routing\\Router->dispatchToRoute()
#17 /home/ua_user/web/vds45379nl.hyperhost.name/public_html/vendor/laravel/framework/src/Illuminate/Foundation/Http/Kernel.php(166): Illuminate\\Routing\\Router->dispatch()
#18 /home/ua_user/web/vds45379nl.hyperhost.name/public_html/vendor/laravel/framework/src/Illuminate/Pipeline/Pipeline.php(128): Illuminate\\Foundation\\Http\\Kernel->Illuminate\\Foundation\\Http\\{closure}()
#19 /home/ua_user/web/vds45379nl.hyperhost.name/public_html/vendor/laravel/framework/src/Illuminate/Foundation/Http/Middleware/TransformsRequest.php(21): Illuminate\\Pipeline\\Pipeline->Illuminate\\Pipeline\\{closure}()
#20 /home/ua_user/web/vds45379nl.hyperhost.name/public_html/vendor/laravel/framework/src/Illuminate/Foundation/Http/Middleware/ConvertEmptyStringsToNull.php(31): Illuminate\\Foundation\\Http\\Middleware\\TransformsRequest->handle()
#21 /home/ua_user/web/vds45379nl.hyperhost.name/public_html/vendor/laravel/framework/src/Illuminate/Pipeline/Pipeline.php(167): Illuminate\\Foundation\\Http\\Middleware\\ConvertEmptyStringsToNull->handle()
#22 /home/ua_user/web/vds45379nl.hyperhost.name/public_html/vendor/laravel/framework/src/Illuminate/Foundation/Http/Middleware/TransformsRequest.php(21): Illuminate\\Pipeline\\Pipeline->Illuminate\\Pipeline\\{closure}()
#23 /home/ua_user/web/vds45379nl.hyperhost.name/public_html/vendor/laravel/framework/src/Illuminate/Foundation/Http/Middleware/TrimStrings.php(40): Illuminate\\Foundation\\Http\\Middleware\\TransformsRequest->handle()
#24 /home/ua_user/web/vds45379nl.hyperhost.name/public_html/vendor/laravel/framework/src/Illuminate/Pipeline/Pipeline.php(167): Illuminate\\Foundation\\Http\\Middleware\\TrimStrings->handle()
#25 /home/ua_user/web/vds45379nl.hyperhost.name/public_html/vendor/laravel/framework/src/Illuminate/Foundation/Http/Middleware/ValidatePostSize.php(27): Illuminate\\Pipeline\\Pipeline->Illuminate\\Pipeline\\{closure}()
#26 /home/ua_user/web/vds45379nl.hyperhost.name/public_html/vendor/laravel/framework/src/Illuminate/Pipeline/Pipeline.php(167): Illuminate\\Foundation\\Http\\Middleware\\ValidatePostSize->handle()
#27 /home/ua_user/web/vds45379nl.hyperhost.name/public_html/vendor/laravel/framework/src/Illuminate/Foundation/Http/Middleware/PreventRequestsDuringMaintenance.php(86): Illuminate\\Pipeline\\Pipeline->Illuminate\\Pipeline\\{closure}()
#28 /home/ua_user/web/vds45379nl.hyperhost.name/public_html/vendor/laravel/framework/src/Illuminate/Pipeline/Pipeline.php(167): Illuminate\\Foundation\\Http\\Middleware\\PreventRequestsDuringMaintenance->handle()
#29 /home/ua_user/web/vds45379nl.hyperhost.name/public_html/vendor/fruitcake/laravel-cors/src/HandleCors.php(38): Illuminate\\Pipeline\\Pipeline->Illuminate\\Pipeline\\{closure}()
#30 /home/ua_user/web/vds45379nl.hyperhost.name/public_html/vendor/laravel/framework/src/Illuminate/Pipeline/Pipeline.php(167): Fruitcake\\Cors\\HandleCors->handle()
#31 /home/ua_user/web/vds45379nl.hyperhost.name/public_html/vendor/fideloper/proxy/src/TrustProxies.php(57): Illuminate\\Pipeline\\Pipeline->Illuminate\\Pipeline\\{closure}()
#32 /home/ua_user/web/vds45379nl.hyperhost.name/public_html/vendor/laravel/framework/src/Illuminate/Pipeline/Pipeline.php(167): Fideloper\\Proxy\\TrustProxies->handle()
#33 /home/ua_user/web/vds45379nl.hyperhost.name/public_html/vendor/laravel/framework/src/Illuminate/Pipeline/Pipeline.php(103): Illuminate\\Pipeline\\Pipeline->Illuminate\\Pipeline\\{closure}()
#34 /home/ua_user/web/vds45379nl.hyperhost.name/public_html/vendor/laravel/framework/src/Illuminate/Foundation/Http/Kernel.php(141): Illuminate\\Pipeline\\Pipeline->then()
#35 /home/ua_user/web/vds45379nl.hyperhost.name/public_html/vendor/laravel/framework/src/Illuminate/Foundation/Http/Kernel.php(110): Illuminate\\Foundation\\Http\\Kernel->sendRequestThroughRouter()
#36 /home/ua_user/web/vds45379nl.hyperhost.name/public_html/public/index.php(52): Illuminate\\Foundation\\Http\\Kernel->handle()
#37 {main}
"} 
[2021-07-17 13:48:36] local.ERROR: View [home] not found. {"exception":"[object] (InvalidArgumentException(code: 0): View [home] not found. at /home/ua_user/web/vds45379nl.hyperhost.name/public_html/vendor/laravel/framework/src/Illuminate/View/FileViewFinder.php:137)
[stacktrace]
#0 /home/ua_user/web/vds45379nl.hyperhost.name/public_html/vendor/laravel/framework/src/Illuminate/View/FileViewFinder.php(79): Illuminate\\View\\FileViewFinder->findInPaths()
#1 /home/ua_user/web/vds45379nl.hyperhost.name/public_html/vendor/laravel/framework/src/Illuminate/View/Factory.php(138): Illuminate\\View\\FileViewFinder->find()
#2 /home/ua_user/web/vds45379nl.hyperhost.name/public_html/vendor/laravel/framework/src/Illuminate/Foundation/helpers.php(919): Illuminate\\View\\Factory->make()
#3 /home/ua_user/web/vds45379nl.hyperhost.name/public_html/routes/web.php(17): view()
#4 /home/ua_user/web/vds45379nl.hyperhost.name/public_html/vendor/laravel/framework/src/Illuminate/Routing/Route.php(230): Illuminate\\Routing\\RouteFileRegistrar->{closure}()
#5 /home/ua_user/web/vds45379nl.hyperhost.name/public_html/vendor/laravel/framework/src/Illuminate/Routing/Route.php(200): Illuminate\\Routing\\Route->runCallable()
#6 /home/ua_user/web/vds45379nl.hyperhost.name/public_html/vendor/laravel/framework/src/Illuminate/Routing/Router.php(695): Illuminate\\Routing\\Route->run()
#7 /home/ua_user/web/vds45379nl.hyperhost.name/public_html/vendor/laravel/framework/src/Illuminate/Pipeline/Pipeline.php(128): Illuminate\\Routing\\Router->Illuminate\\Routing\\{closure}()
#8 /home/ua_user/web/vds45379nl.hyperhost.name/public_html/vendor/laravel/framework/src/Illuminate/Routing/Middleware/SubstituteBindings.php(50): Illuminate\\Pipeline\\Pipeline->Illuminate\\Pipeline\\{closure}()
#9 /home/ua_user/web/vds45379nl.hyperhost.name/public_html/vendor/laravel/framework/src/Illuminate/Pipeline/Pipeline.php(167): Illuminate\\Routing\\Middleware\\SubstituteBindings->handle()
#10 /home/ua_user/web/vds45379nl.hyperhost.name/public_html/vendor/laravel/framework/src/Illuminate/Foundation/Http/Middleware/VerifyCsrfToken.php(78): Illuminate\\Pipeline\\Pipeline->Illuminate\\Pipeline\\{closure}()
#11 /home/ua_user/web/vds45379nl.hyperhost.name/public_html/vendor/laravel/framework/src/Illuminate/Pipeline/Pipeline.php(167): Illuminate\\Foundation\\Http\\Middleware\\VerifyCsrfToken->handle()
#12 /home/ua_user/web/vds45379nl.hyperhost.name/public_html/vendor/laravel/framework/src/Illuminate/View/Middleware/ShareErrorsFromSession.php(49): Illuminate\\Pipeline\\Pipeline->Illuminate\\Pipeline\\{closure}()
#13 /home/ua_user/web/vds45379nl.hyperhost.name/public_html/vendor/laravel/framework/src/Illuminate/Pipeline/Pipeline.php(167): Illuminate\\View\\Middleware\\ShareErrorsFromSession->handle()
#14 /home/ua_user/web/vds45379nl.hyperhost.name/public_html/vendor/laravel/framework/src/Illuminate/Session/Middleware/StartSession.php(121): Illuminate\\Pipeline\\Pipeline->Illuminate\\Pipeline\\{closure}()
#15 /home/ua_user/web/vds45379nl.hyperhost.name/public_html/vendor/laravel/framework/src/Illuminate/Session/Middleware/StartSession.php(64): Illuminate\\Session\\Middleware\\StartSession->handleStatefulRequest()
#16 /home/ua_user/web/vds45379nl.hyperhost.name/public_html/vendor/laravel/framework/src/Illuminate/Pipeline/Pipeline.php(167): Illuminate\\Session\\Middleware\\StartSession->handle()
#17 /home/ua_user/web/vds45379nl.hyperhost.name/public_html/vendor/laravel/framework/src/Illuminate/Cookie/Middleware/AddQueuedCookiesToResponse.php(37): Illuminate\\Pipeline\\Pipeline->Illuminate\\Pipeline\\{closure}()
#18 /home/ua_user/web/vds45379nl.hyperhost.name/public_html/vendor/laravel/framework/src/Illuminate/Pipeline/Pipeline.php(167): Illuminate\\Cookie\\Middleware\\AddQueuedCookiesToResponse->handle()
#19 /home/ua_user/web/vds45379nl.hyperhost.name/public_html/vendor/laravel/framework/src/Illuminate/Cookie/Middleware/EncryptCookies.php(67): Illuminate\\Pipeline\\Pipeline->Illuminate\\Pipeline\\{closure}()
#20 /home/ua_user/web/vds45379nl.hyperhost.name/public_html/vendor/laravel/framework/src/Illuminate/Pipeline/Pipeline.php(167): Illuminate\\Cookie\\Middleware\\EncryptCookies->handle()
#21 /home/ua_user/web/vds45379nl.hyperhost.name/public_html/vendor/laravel/framework/src/Illuminate/Pipeline/Pipeline.php(103): Illuminate\\Pipeline\\Pipeline->Illuminate\\Pipeline\\{closure}()
#22 /home/ua_user/web/vds45379nl.hyperhost.name/public_html/vendor/laravel/framework/src/Illuminate/Routing/Router.php(697): Illuminate\\Pipeline\\Pipeline->then()
#23 /home/ua_user/web/vds45379nl.hyperhost.name/public_html/vendor/laravel/framework/src/Illuminate/Routing/Router.php(672): Illuminate\\Routing\\Router->runRouteWithinStack()
#24 /home/ua_user/web/vds45379nl.hyperhost.name/public_html/vendor/laravel/framework/src/Illuminate/Routing/Router.php(636): Illuminate\\Routing\\Router->runRoute()
#25 /home/ua_user/web/vds45379nl.hyperhost.name/public_html/vendor/laravel/framework/src/Illuminate/Routing/Router.php(625): Illuminate\\Routing\\Router->dispatchToRoute()
#26 /home/ua_user/web/vds45379nl.hyperhost.name/public_html/vendor/laravel/framework/src/Illuminate/Foundation/Http/Kernel.php(166): Illuminate\\Routing\\Router->dispatch()
#27 /home/ua_user/web/vds45379nl.hyperhost.name/public_html/vendor/laravel/framework/src/Illuminate/Pipeline/Pipeline.php(128): Illuminate\\Foundation\\Http\\Kernel->Illuminate\\Foundation\\Http\\{closure}()
#28 /home/ua_user/web/vds45379nl.hyperhost.name/public_html/vendor/laravel/framework/src/Illuminate/Foundation/Http/Middleware/TransformsRequest.php(21): Illuminate\\Pipeline\\Pipeline->Illuminate\\Pipeline\\{closure}()
#29 /home/ua_user/web/vds45379nl.hyperhost.name/public_html/vendor/laravel/framework/src/Illuminate/Foundation/Http/Middleware/ConvertEmptyStringsToNull.php(31): Illuminate\\Foundation\\Http\\Middleware\\TransformsRequest->handle()
#30 /home/ua_user/web/vds45379nl.hyperhost.name/public_html/vendor/laravel/framework/src/Illuminate/Pipeline/Pipeline.php(167): Illuminate\\Foundation\\Http\\Middleware\\ConvertEmptyStringsToNull->handle()
#31 /home/ua_user/web/vds45379nl.hyperhost.name/public_html/vendor/laravel/framework/src/Illuminate/Foundation/Http/Middleware/TransformsRequest.php(21): Illuminate\\Pipeline\\Pipeline->Illuminate\\Pipeline\\{closure}()
#32 /home/ua_user/web/vds45379nl.hyperhost.name/public_html/vendor/laravel/framework/src/Illuminate/Foundation/Http/Middleware/TrimStrings.php(40): Illuminate\\Foundation\\Http\\Middleware\\TransformsRequest->handle()
#33 /home/ua_user/web/vds45379nl.hyperhost.name/public_html/vendor/laravel/framework/src/Illuminate/Pipeline/Pipeline.php(167): Illuminate\\Foundation\\Http\\Middleware\\TrimStrings->handle()
#34 /home/ua_user/web/vds45379nl.hyperhost.name/public_html/vendor/laravel/framework/src/Illuminate/Foundation/Http/Middleware/ValidatePostSize.php(27): Illuminate\\Pipeline\\Pipeline->Illuminate\\Pipeline\\{closure}()
#35 /home/ua_user/web/vds45379nl.hyperhost.name/public_html/vendor/laravel/framework/src/Illuminate/Pipeline/Pipeline.php(167): Illuminate\\Foundation\\Http\\Middleware\\ValidatePostSize->handle()
#36 /home/ua_user/web/vds45379nl.hyperhost.name/public_html/vendor/laravel/framework/src/Illuminate/Foundation/Http/Middleware/PreventRequestsDuringMaintenance.php(86): Illuminate\\Pipeline\\Pipeline->Illuminate\\Pipeline\\{closure}()
#37 /home/ua_user/web/vds45379nl.hyperhost.name/public_html/vendor/laravel/framework/src/Illuminate/Pipeline/Pipeline.php(167): Illuminate\\Foundation\\Http\\Middleware\\PreventRequestsDuringMaintenance->handle()
#38 /home/ua_user/web/vds45379nl.hyperhost.name/public_html/vendor/fruitcake/laravel-cors/src/HandleCors.php(38): Illuminate\\Pipeline\\Pipeline->Illuminate\\Pipeline\\{closure}()
#39 /home/ua_user/web/vds45379nl.hyperhost.name/public_html/vendor/laravel/framework/src/Illuminate/Pipeline/Pipeline.php(167): Fruitcake\\Cors\\HandleCors->handle()
#40 /home/ua_user/web/vds45379nl.hyperhost.name/public_html/vendor/fideloper/proxy/src/TrustProxies.php(57): Illuminate\\Pipeline\\Pipeline->Illuminate\\Pipeline\\{closure}()
#41 /home/ua_user/web/vds45379nl.hyperhost.name/public_html/vendor/laravel/framework/src/Illuminate/Pipeline/Pipeline.php(167): Fideloper\\Proxy\\TrustProxies->handle()
#42 /home/ua_user/web/vds45379nl.hyperhost.name/public_html/vendor/laravel/framework/src/Illuminate/Pipeline/Pipeline.php(103): Illuminate\\Pipeline\\Pipeline->Illuminate\\Pipeline\\{closure}()
#43 /home/ua_user/web/vds45379nl.hyperhost.name/public_html/vendor/laravel/framework/src/Illuminate/Foundation/Http/Kernel.php(141): Illuminate\\Pipeline\\Pipeline->then()
#44 /home/ua_user/web/vds45379nl.hyperhost.name/public_html/vendor/laravel/framework/src/Illuminate/Foundation/Http/Kernel.php(110): Illuminate\\Foundation\\Http\\Kernel->sendRequestThroughRouter()
#45 /home/ua_user/web/vds45379nl.hyperhost.name/public_html/public/index.php(52): Illuminate\\Foundation\\Http\\Kernel->handle()
#46 {main}
"} 
[2021-07-17 13:48:36] local.ERROR: file_put_contents(C:\Users\User\PhpstormProjects\my_ua\weua\storage\framework/sessions/o46PSRBmu0qg5OpPaU7fKp65qmiMaeIDS5WNd0YG): failed to open stream: No such file or directory {"exception":"[object] (ErrorException(code: 0): file_put_contents(C:\\Users\\User\\PhpstormProjects\\my_ua\\weua\\storage\\framework/sessions/o46PSRBmu0qg5OpPaU7fKp65qmiMaeIDS5WNd0YG): failed to open stream: No such file or directory at /home/ua_user/web/vds45379nl.hyperhost.name/public_html/vendor/laravel/framework/src/Illuminate/Filesystem/Filesystem.php:187)
[stacktrace]
#0 [internal function]: Illuminate\\Foundation\\Bootstrap\\HandleExceptions->handleError()
#1 /home/ua_user/web/vds45379nl.hyperhost.name/public_html/vendor/laravel/framework/src/Illuminate/Filesystem/Filesystem.php(187): file_put_contents()
#2 /home/ua_user/web/vds45379nl.hyperhost.name/public_html/vendor/laravel/framework/src/Illuminate/Session/FileSessionHandler.php(83): Illuminate\\Filesystem\\Filesystem->put()
#3 /home/ua_user/web/vds45379nl.hyperhost.name/public_html/vendor/laravel/framework/src/Illuminate/Session/Store.php(129): Illuminate\\Session\\FileSessionHandler->write()
#4 /home/ua_user/web/vds45379nl.hyperhost.name/public_html/vendor/laravel/framework/src/Illuminate/Session/Middleware/StartSession.php(236): Illuminate\\Session\\Store->save()
#5 /home/ua_user/web/vds45379nl.hyperhost.name/public_html/vendor/laravel/framework/src/Illuminate/Session/Middleware/StartSession.php(130): Illuminate\\Session\\Middleware\\StartSession->saveSession()
#6 /home/ua_user/web/vds45379nl.hyperhost.name/public_html/vendor/laravel/framework/src/Illuminate/Session/Middleware/StartSession.php(64): Illuminate\\Session\\Middleware\\StartSession->handleStatefulRequest()
#7 /home/ua_user/web/vds45379nl.hyperhost.name/public_html/vendor/laravel/framework/src/Illuminate/Pipeline/Pipeline.php(167): Illuminate\\Session\\Middleware\\StartSession->handle()
#8 /home/ua_user/web/vds45379nl.hyperhost.name/public_html/vendor/laravel/framework/src/Illuminate/Cookie/Middleware/AddQueuedCookiesToResponse.php(37): Illuminate\\Pipeline\\Pipeline->Illuminate\\Pipeline\\{closure}()
#9 /home/ua_user/web/vds45379nl.hyperhost.name/public_html/vendor/laravel/framework/src/Illuminate/Pipeline/Pipeline.php(167): Illuminate\\Cookie\\Middleware\\AddQueuedCookiesToResponse->handle()
#10 /home/ua_user/web/vds45379nl.hyperhost.name/public_html/vendor/laravel/framework/src/Illuminate/Cookie/Middleware/EncryptCookies.php(67): Illuminate\\Pipeline\\Pipeline->Illuminate\\Pipeline\\{closure}()
#11 /home/ua_user/web/vds45379nl.hyperhost.name/public_html/vendor/laravel/framework/src/Illuminate/Pipeline/Pipeline.php(167): Illuminate\\Cookie\\Middleware\\EncryptCookies->handle()
#12 /home/ua_user/web/vds45379nl.hyperhost.name/public_html/vendor/laravel/framework/src/Illuminate/Pipeline/Pipeline.php(103): Illuminate\\Pipeline\\Pipeline->Illuminate\\Pipeline\\{closure}()
#13 /home/ua_user/web/vds45379nl.hyperhost.name/public_html/vendor/laravel/framework/src/Illuminate/Routing/Router.php(697): Illuminate\\Pipeline\\Pipeline->then()
#14 /home/ua_user/web/vds45379nl.hyperhost.name/public_html/vendor/laravel/framework/src/Illuminate/Routing/Router.php(672): Illuminate\\Routing\\Router->runRouteWithinStack()
#15 /home/ua_user/web/vds45379nl.hyperhost.name/public_html/vendor/laravel/framework/src/Illuminate/Routing/Router.php(636): Illuminate\\Routing\\Router->runRoute()
#16 /home/ua_user/web/vds45379nl.hyperhost.name/public_html/vendor/laravel/framework/src/Illuminate/Routing/Router.php(625): Illuminate\\Routing\\Router->dispatchToRoute()
#17 /home/ua_user/web/vds45379nl.hyperhost.name/public_html/vendor/laravel/framework/src/Illuminate/Foundation/Http/Kernel.php(166): Illuminate\\Routing\\Router->dispatch()
#18 /home/ua_user/web/vds45379nl.hyperhost.name/public_html/vendor/laravel/framework/src/Illuminate/Pipeline/Pipeline.php(128): Illuminate\\Foundation\\Http\\Kernel->Illuminate\\Foundation\\Http\\{closure}()
#19 /home/ua_user/web/vds45379nl.hyperhost.name/public_html/vendor/laravel/framework/src/Illuminate/Foundation/Http/Middleware/TransformsRequest.php(21): Illuminate\\Pipeline\\Pipeline->Illuminate\\Pipeline\\{closure}()
#20 /home/ua_user/web/vds45379nl.hyperhost.name/public_html/vendor/laravel/framework/src/Illuminate/Foundation/Http/Middleware/ConvertEmptyStringsToNull.php(31): Illuminate\\Foundation\\Http\\Middleware\\TransformsRequest->handle()
#21 /home/ua_user/web/vds45379nl.hyperhost.name/public_html/vendor/laravel/framework/src/Illuminate/Pipeline/Pipeline.php(167): Illuminate\\Foundation\\Http\\Middleware\\ConvertEmptyStringsToNull->handle()
#22 /home/ua_user/web/vds45379nl.hyperhost.name/public_html/vendor/laravel/framework/src/Illuminate/Foundation/Http/Middleware/TransformsRequest.php(21): Illuminate\\Pipeline\\Pipeline->Illuminate\\Pipeline\\{closure}()
#23 /home/ua_user/web/vds45379nl.hyperhost.name/public_html/vendor/laravel/framework/src/Illuminate/Foundation/Http/Middleware/TrimStrings.php(40): Illuminate\\Foundation\\Http\\Middleware\\TransformsRequest->handle()
#24 /home/ua_user/web/vds45379nl.hyperhost.name/public_html/vendor/laravel/framework/src/Illuminate/Pipeline/Pipeline.php(167): Illuminate\\Foundation\\Http\\Middleware\\TrimStrings->handle()
#25 /home/ua_user/web/vds45379nl.hyperhost.name/public_html/vendor/laravel/framework/src/Illuminate/Foundation/Http/Middleware/ValidatePostSize.php(27): Illuminate\\Pipeline\\Pipeline->Illuminate\\Pipeline\\{closure}()
#26 /home/ua_user/web/vds45379nl.hyperhost.name/public_html/vendor/laravel/framework/src/Illuminate/Pipeline/Pipeline.php(167): Illuminate\\Foundation\\Http\\Middleware\\ValidatePostSize->handle()
#27 /home/ua_user/web/vds45379nl.hyperhost.name/public_html/vendor/laravel/framework/src/Illuminate/Foundation/Http/Middleware/PreventRequestsDuringMaintenance.php(86): Illuminate\\Pipeline\\Pipeline->Illuminate\\Pipeline\\{closure}()
#28 /home/ua_user/web/vds45379nl.hyperhost.name/public_html/vendor/laravel/framework/src/Illuminate/Pipeline/Pipeline.php(167): Illuminate\\Foundation\\Http\\Middleware\\PreventRequestsDuringMaintenance->handle()
#29 /home/ua_user/web/vds45379nl.hyperhost.name/public_html/vendor/fruitcake/laravel-cors/src/HandleCors.php(38): Illuminate\\Pipeline\\Pipeline->Illuminate\\Pipeline\\{closure}()
#30 /home/ua_user/web/vds45379nl.hyperhost.name/public_html/vendor/laravel/framework/src/Illuminate/Pipeline/Pipeline.php(167): Fruitcake\\Cors\\HandleCors->handle()
#31 /home/ua_user/web/vds45379nl.hyperhost.name/public_html/vendor/fideloper/proxy/src/TrustProxies.php(57): Illuminate\\Pipeline\\Pipeline->Illuminate\\Pipeline\\{closure}()
#32 /home/ua_user/web/vds45379nl.hyperhost.name/public_html/vendor/laravel/framework/src/Illuminate/Pipeline/Pipeline.php(167): Fideloper\\Proxy\\TrustProxies->handle()
#33 /home/ua_user/web/vds45379nl.hyperhost.name/public_html/vendor/laravel/framework/src/Illuminate/Pipeline/Pipeline.php(103): Illuminate\\Pipeline\\Pipeline->Illuminate\\Pipeline\\{closure}()
#34 /home/ua_user/web/vds45379nl.hyperhost.name/public_html/vendor/laravel/framework/src/Illuminate/Foundation/Http/Kernel.php(141): Illuminate\\Pipeline\\Pipeline->then()
#35 /home/ua_user/web/vds45379nl.hyperhost.name/public_html/vendor/laravel/framework/src/Illuminate/Foundation/Http/Kernel.php(110): Illuminate\\Foundation\\Http\\Kernel->sendRequestThroughRouter()
#36 /home/ua_user/web/vds45379nl.hyperhost.name/public_html/public/index.php(52): Illuminate\\Foundation\\Http\\Kernel->handle()
#37 {main}
"} 
[2021-07-17 15:57:26] local.ERROR: View [home] not found. {"exception":"[object] (InvalidArgumentException(code: 0): View [home] not found. at /home/ua_user/web/vds45379nl.hyperhost.name/public_html/vendor/laravel/framework/src/Illuminate/View/FileViewFinder.php:137)
[stacktrace]
#0 /home/ua_user/web/vds45379nl.hyperhost.name/public_html/vendor/laravel/framework/src/Illuminate/View/FileViewFinder.php(79): Illuminate\\View\\FileViewFinder->findInPaths()
#1 /home/ua_user/web/vds45379nl.hyperhost.name/public_html/vendor/laravel/framework/src/Illuminate/View/Factory.php(138): Illuminate\\View\\FileViewFinder->find()
#2 /home/ua_user/web/vds45379nl.hyperhost.name/public_html/vendor/laravel/framework/src/Illuminate/Foundation/helpers.php(919): Illuminate\\View\\Factory->make()
#3 /home/ua_user/web/vds45379nl.hyperhost.name/public_html/routes/web.php(17): view()
#4 /home/ua_user/web/vds45379nl.hyperhost.name/public_html/vendor/laravel/framework/src/Illuminate/Routing/Route.php(230): Illuminate\\Routing\\RouteFileRegistrar->{closure}()
#5 /home/ua_user/web/vds45379nl.hyperhost.name/public_html/vendor/laravel/framework/src/Illuminate/Routing/Route.php(200): Illuminate\\Routing\\Route->runCallable()
#6 /home/ua_user/web/vds45379nl.hyperhost.name/public_html/vendor/laravel/framework/src/Illuminate/Routing/Router.php(695): Illuminate\\Routing\\Route->run()
#7 /home/ua_user/web/vds45379nl.hyperhost.name/public_html/vendor/laravel/framework/src/Illuminate/Pipeline/Pipeline.php(128): Illuminate\\Routing\\Router->Illuminate\\Routing\\{closure}()
#8 /home/ua_user/web/vds45379nl.hyperhost.name/public_html/vendor/laravel/framework/src/Illuminate/Routing/Middleware/SubstituteBindings.php(50): Illuminate\\Pipeline\\Pipeline->Illuminate\\Pipeline\\{closure}()
#9 /home/ua_user/web/vds45379nl.hyperhost.name/public_html/vendor/laravel/framework/src/Illuminate/Pipeline/Pipeline.php(167): Illuminate\\Routing\\Middleware\\SubstituteBindings->handle()
#10 /home/ua_user/web/vds45379nl.hyperhost.name/public_html/vendor/laravel/framework/src/Illuminate/Foundation/Http/Middleware/VerifyCsrfToken.php(78): Illuminate\\Pipeline\\Pipeline->Illuminate\\Pipeline\\{closure}()
#11 /home/ua_user/web/vds45379nl.hyperhost.name/public_html/vendor/laravel/framework/src/Illuminate/Pipeline/Pipeline.php(167): Illuminate\\Foundation\\Http\\Middleware\\VerifyCsrfToken->handle()
#12 /home/ua_user/web/vds45379nl.hyperhost.name/public_html/vendor/laravel/framework/src/Illuminate/View/Middleware/ShareErrorsFromSession.php(49): Illuminate\\Pipeline\\Pipeline->Illuminate\\Pipeline\\{closure}()
#13 /home/ua_user/web/vds45379nl.hyperhost.name/public_html/vendor/laravel/framework/src/Illuminate/Pipeline/Pipeline.php(167): Illuminate\\View\\Middleware\\ShareErrorsFromSession->handle()
#14 /home/ua_user/web/vds45379nl.hyperhost.name/public_html/vendor/laravel/framework/src/Illuminate/Session/Middleware/StartSession.php(121): Illuminate\\Pipeline\\Pipeline->Illuminate\\Pipeline\\{closure}()
#15 /home/ua_user/web/vds45379nl.hyperhost.name/public_html/vendor/laravel/framework/src/Illuminate/Session/Middleware/StartSession.php(64): Illuminate\\Session\\Middleware\\StartSession->handleStatefulRequest()
#16 /home/ua_user/web/vds45379nl.hyperhost.name/public_html/vendor/laravel/framework/src/Illuminate/Pipeline/Pipeline.php(167): Illuminate\\Session\\Middleware\\StartSession->handle()
#17 /home/ua_user/web/vds45379nl.hyperhost.name/public_html/vendor/laravel/framework/src/Illuminate/Cookie/Middleware/AddQueuedCookiesToResponse.php(37): Illuminate\\Pipeline\\Pipeline->Illuminate\\Pipeline\\{closure}()
#18 /home/ua_user/web/vds45379nl.hyperhost.name/public_html/vendor/laravel/framework/src/Illuminate/Pipeline/Pipeline.php(167): Illuminate\\Cookie\\Middleware\\AddQueuedCookiesToResponse->handle()
#19 /home/ua_user/web/vds45379nl.hyperhost.name/public_html/vendor/laravel/framework/src/Illuminate/Cookie/Middleware/EncryptCookies.php(67): Illuminate\\Pipeline\\Pipeline->Illuminate\\Pipeline\\{closure}()
#20 /home/ua_user/web/vds45379nl.hyperhost.name/public_html/vendor/laravel/framework/src/Illuminate/Pipeline/Pipeline.php(167): Illuminate\\Cookie\\Middleware\\EncryptCookies->handle()
#21 /home/ua_user/web/vds45379nl.hyperhost.name/public_html/vendor/laravel/framework/src/Illuminate/Pipeline/Pipeline.php(103): Illuminate\\Pipeline\\Pipeline->Illuminate\\Pipeline\\{closure}()
#22 /home/ua_user/web/vds45379nl.hyperhost.name/public_html/vendor/laravel/framework/src/Illuminate/Routing/Router.php(697): Illuminate\\Pipeline\\Pipeline->then()
#23 /home/ua_user/web/vds45379nl.hyperhost.name/public_html/vendor/laravel/framework/src/Illuminate/Routing/Router.php(672): Illuminate\\Routing\\Router->runRouteWithinStack()
#24 /home/ua_user/web/vds45379nl.hyperhost.name/public_html/vendor/laravel/framework/src/Illuminate/Routing/Router.php(636): Illuminate\\Routing\\Router->runRoute()
#25 /home/ua_user/web/vds45379nl.hyperhost.name/public_html/vendor/laravel/framework/src/Illuminate/Routing/Router.php(625): Illuminate\\Routing\\Router->dispatchToRoute()
#26 /home/ua_user/web/vds45379nl.hyperhost.name/public_html/vendor/laravel/framework/src/Illuminate/Foundation/Http/Kernel.php(166): Illuminate\\Routing\\Router->dispatch()
#27 /home/ua_user/web/vds45379nl.hyperhost.name/public_html/vendor/laravel/framework/src/Illuminate/Pipeline/Pipeline.php(128): Illuminate\\Foundation\\Http\\Kernel->Illuminate\\Foundation\\Http\\{closure}()
#28 /home/ua_user/web/vds45379nl.hyperhost.name/public_html/vendor/laravel/framework/src/Illuminate/Foundation/Http/Middleware/TransformsRequest.php(21): Illuminate\\Pipeline\\Pipeline->Illuminate\\Pipeline\\{closure}()
#29 /home/ua_user/web/vds45379nl.hyperhost.name/public_html/vendor/laravel/framework/src/Illuminate/Foundation/Http/Middleware/ConvertEmptyStringsToNull.php(31): Illuminate\\Foundation\\Http\\Middleware\\TransformsRequest->handle()
#30 /home/ua_user/web/vds45379nl.hyperhost.name/public_html/vendor/laravel/framework/src/Illuminate/Pipeline/Pipeline.php(167): Illuminate\\Foundation\\Http\\Middleware\\ConvertEmptyStringsToNull->handle()
#31 /home/ua_user/web/vds45379nl.hyperhost.name/public_html/vendor/laravel/framework/src/Illuminate/Foundation/Http/Middleware/TransformsRequest.php(21): Illuminate\\Pipeline\\Pipeline->Illuminate\\Pipeline\\{closure}()
#32 /home/ua_user/web/vds45379nl.hyperhost.name/public_html/vendor/laravel/framework/src/Illuminate/Foundation/Http/Middleware/TrimStrings.php(40): Illuminate\\Foundation\\Http\\Middleware\\TransformsRequest->handle()
#33 /home/ua_user/web/vds45379nl.hyperhost.name/public_html/vendor/laravel/framework/src/Illuminate/Pipeline/Pipeline.php(167): Illuminate\\Foundation\\Http\\Middleware\\TrimStrings->handle()
#34 /home/ua_user/web/vds45379nl.hyperhost.name/public_html/vendor/laravel/framework/src/Illuminate/Foundation/Http/Middleware/ValidatePostSize.php(27): Illuminate\\Pipeline\\Pipeline->Illuminate\\Pipeline\\{closure}()
#35 /home/ua_user/web/vds45379nl.hyperhost.name/public_html/vendor/laravel/framework/src/Illuminate/Pipeline/Pipeline.php(167): Illuminate\\Foundation\\Http\\Middleware\\ValidatePostSize->handle()
#36 /home/ua_user/web/vds45379nl.hyperhost.name/public_html/vendor/laravel/framework/src/Illuminate/Foundation/Http/Middleware/PreventRequestsDuringMaintenance.php(86): Illuminate\\Pipeline\\Pipeline->Illuminate\\Pipeline\\{closure}()
#37 /home/ua_user/web/vds45379nl.hyperhost.name/public_html/vendor/laravel/framework/src/Illuminate/Pipeline/Pipeline.php(167): Illuminate\\Foundation\\Http\\Middleware\\PreventRequestsDuringMaintenance->handle()
#38 /home/ua_user/web/vds45379nl.hyperhost.name/public_html/vendor/fruitcake/laravel-cors/src/HandleCors.php(38): Illuminate\\Pipeline\\Pipeline->Illuminate\\Pipeline\\{closure}()
#39 /home/ua_user/web/vds45379nl.hyperhost.name/public_html/vendor/laravel/framework/src/Illuminate/Pipeline/Pipeline.php(167): Fruitcake\\Cors\\HandleCors->handle()
#40 /home/ua_user/web/vds45379nl.hyperhost.name/public_html/vendor/fideloper/proxy/src/TrustProxies.php(57): Illuminate\\Pipeline\\Pipeline->Illuminate\\Pipeline\\{closure}()
#41 /home/ua_user/web/vds45379nl.hyperhost.name/public_html/vendor/laravel/framework/src/Illuminate/Pipeline/Pipeline.php(167): Fideloper\\Proxy\\TrustProxies->handle()
#42 /home/ua_user/web/vds45379nl.hyperhost.name/public_html/vendor/laravel/framework/src/Illuminate/Pipeline/Pipeline.php(103): Illuminate\\Pipeline\\Pipeline->Illuminate\\Pipeline\\{closure}()
#43 /home/ua_user/web/vds45379nl.hyperhost.name/public_html/vendor/laravel/framework/src/Illuminate/Foundation/Http/Kernel.php(141): Illuminate\\Pipeline\\Pipeline->then()
#44 /home/ua_user/web/vds45379nl.hyperhost.name/public_html/vendor/laravel/framework/src/Illuminate/Foundation/Http/Kernel.php(110): Illuminate\\Foundation\\Http\\Kernel->sendRequestThroughRouter()
#45 /home/ua_user/web/vds45379nl.hyperhost.name/public_html/public/index.php(52): Illuminate\\Foundation\\Http\\Kernel->handle()
#46 {main}
"} 
[2021-07-17 15:57:26] local.ERROR: file_put_contents(C:\Users\User\PhpstormProjects\my_ua\weua\storage\framework/sessions/x247bhcSJx5BQTLDlJ6xflouML7zxPo7Q6N6aYU1): failed to open stream: No such file or directory {"exception":"[object] (ErrorException(code: 0): file_put_contents(C:\\Users\\User\\PhpstormProjects\\my_ua\\weua\\storage\\framework/sessions/x247bhcSJx5BQTLDlJ6xflouML7zxPo7Q6N6aYU1): failed to open stream: No such file or directory at /home/ua_user/web/vds45379nl.hyperhost.name/public_html/vendor/laravel/framework/src/Illuminate/Filesystem/Filesystem.php:187)
[stacktrace]
#0 [internal function]: Illuminate\\Foundation\\Bootstrap\\HandleExceptions->handleError()
#1 /home/ua_user/web/vds45379nl.hyperhost.name/public_html/vendor/laravel/framework/src/Illuminate/Filesystem/Filesystem.php(187): file_put_contents()
#2 /home/ua_user/web/vds45379nl.hyperhost.name/public_html/vendor/laravel/framework/src/Illuminate/Session/FileSessionHandler.php(83): Illuminate\\Filesystem\\Filesystem->put()
#3 /home/ua_user/web/vds45379nl.hyperhost.name/public_html/vendor/laravel/framework/src/Illuminate/Session/Store.php(129): Illuminate\\Session\\FileSessionHandler->write()
#4 /home/ua_user/web/vds45379nl.hyperhost.name/public_html/vendor/laravel/framework/src/Illuminate/Session/Middleware/StartSession.php(236): Illuminate\\Session\\Store->save()
#5 /home/ua_user/web/vds45379nl.hyperhost.name/public_html/vendor/laravel/framework/src/Illuminate/Session/Middleware/StartSession.php(130): Illuminate\\Session\\Middleware\\StartSession->saveSession()
#6 /home/ua_user/web/vds45379nl.hyperhost.name/public_html/vendor/laravel/framework/src/Illuminate/Session/Middleware/StartSession.php(64): Illuminate\\Session\\Middleware\\StartSession->handleStatefulRequest()
#7 /home/ua_user/web/vds45379nl.hyperhost.name/public_html/vendor/laravel/framework/src/Illuminate/Pipeline/Pipeline.php(167): Illuminate\\Session\\Middleware\\StartSession->handle()
#8 /home/ua_user/web/vds45379nl.hyperhost.name/public_html/vendor/laravel/framework/src/Illuminate/Cookie/Middleware/AddQueuedCookiesToResponse.php(37): Illuminate\\Pipeline\\Pipeline->Illuminate\\Pipeline\\{closure}()
#9 /home/ua_user/web/vds45379nl.hyperhost.name/public_html/vendor/laravel/framework/src/Illuminate/Pipeline/Pipeline.php(167): Illuminate\\Cookie\\Middleware\\AddQueuedCookiesToResponse->handle()
#10 /home/ua_user/web/vds45379nl.hyperhost.name/public_html/vendor/laravel/framework/src/Illuminate/Cookie/Middleware/EncryptCookies.php(67): Illuminate\\Pipeline\\Pipeline->Illuminate\\Pipeline\\{closure}()
#11 /home/ua_user/web/vds45379nl.hyperhost.name/public_html/vendor/laravel/framework/src/Illuminate/Pipeline/Pipeline.php(167): Illuminate\\Cookie\\Middleware\\EncryptCookies->handle()
#12 /home/ua_user/web/vds45379nl.hyperhost.name/public_html/vendor/laravel/framework/src/Illuminate/Pipeline/Pipeline.php(103): Illuminate\\Pipeline\\Pipeline->Illuminate\\Pipeline\\{closure}()
#13 /home/ua_user/web/vds45379nl.hyperhost.name/public_html/vendor/laravel/framework/src/Illuminate/Routing/Router.php(697): Illuminate\\Pipeline\\Pipeline->then()
#14 /home/ua_user/web/vds45379nl.hyperhost.name/public_html/vendor/laravel/framework/src/Illuminate/Routing/Router.php(672): Illuminate\\Routing\\Router->runRouteWithinStack()
#15 /home/ua_user/web/vds45379nl.hyperhost.name/public_html/vendor/laravel/framework/src/Illuminate/Routing/Router.php(636): Illuminate\\Routing\\Router->runRoute()
#16 /home/ua_user/web/vds45379nl.hyperhost.name/public_html/vendor/laravel/framework/src/Illuminate/Routing/Router.php(625): Illuminate\\Routing\\Router->dispatchToRoute()
#17 /home/ua_user/web/vds45379nl.hyperhost.name/public_html/vendor/laravel/framework/src/Illuminate/Foundation/Http/Kernel.php(166): Illuminate\\Routing\\Router->dispatch()
#18 /home/ua_user/web/vds45379nl.hyperhost.name/public_html/vendor/laravel/framework/src/Illuminate/Pipeline/Pipeline.php(128): Illuminate\\Foundation\\Http\\Kernel->Illuminate\\Foundation\\Http\\{closure}()
#19 /home/ua_user/web/vds45379nl.hyperhost.name/public_html/vendor/laravel/framework/src/Illuminate/Foundation/Http/Middleware/TransformsRequest.php(21): Illuminate\\Pipeline\\Pipeline->Illuminate\\Pipeline\\{closure}()
#20 /home/ua_user/web/vds45379nl.hyperhost.name/public_html/vendor/laravel/framework/src/Illuminate/Foundation/Http/Middleware/ConvertEmptyStringsToNull.php(31): Illuminate\\Foundation\\Http\\Middleware\\TransformsRequest->handle()
#21 /home/ua_user/web/vds45379nl.hyperhost.name/public_html/vendor/laravel/framework/src/Illuminate/Pipeline/Pipeline.php(167): Illuminate\\Foundation\\Http\\Middleware\\ConvertEmptyStringsToNull->handle()
#22 /home/ua_user/web/vds45379nl.hyperhost.name/public_html/vendor/laravel/framework/src/Illuminate/Foundation/Http/Middleware/TransformsRequest.php(21): Illuminate\\Pipeline\\Pipeline->Illuminate\\Pipeline\\{closure}()
#23 /home/ua_user/web/vds45379nl.hyperhost.name/public_html/vendor/laravel/framework/src/Illuminate/Foundation/Http/Middleware/TrimStrings.php(40): Illuminate\\Foundation\\Http\\Middleware\\TransformsRequest->handle()
#24 /home/ua_user/web/vds45379nl.hyperhost.name/public_html/vendor/laravel/framework/src/Illuminate/Pipeline/Pipeline.php(167): Illuminate\\Foundation\\Http\\Middleware\\TrimStrings->handle()
#25 /home/ua_user/web/vds45379nl.hyperhost.name/public_html/vendor/laravel/framework/src/Illuminate/Foundation/Http/Middleware/ValidatePostSize.php(27): Illuminate\\Pipeline\\Pipeline->Illuminate\\Pipeline\\{closure}()
#26 /home/ua_user/web/vds45379nl.hyperhost.name/public_html/vendor/laravel/framework/src/Illuminate/Pipeline/Pipeline.php(167): Illuminate\\Foundation\\Http\\Middleware\\ValidatePostSize->handle()
#27 /home/ua_user/web/vds45379nl.hyperhost.name/public_html/vendor/laravel/framework/src/Illuminate/Foundation/Http/Middleware/PreventRequestsDuringMaintenance.php(86): Illuminate\\Pipeline\\Pipeline->Illuminate\\Pipeline\\{closure}()
#28 /home/ua_user/web/vds45379nl.hyperhost.name/public_html/vendor/laravel/framework/src/Illuminate/Pipeline/Pipeline.php(167): Illuminate\\Foundation\\Http\\Middleware\\PreventRequestsDuringMaintenance->handle()
#29 /home/ua_user/web/vds45379nl.hyperhost.name/public_html/vendor/fruitcake/laravel-cors/src/HandleCors.php(38): Illuminate\\Pipeline\\Pipeline->Illuminate\\Pipeline\\{closure}()
#30 /home/ua_user/web/vds45379nl.hyperhost.name/public_html/vendor/laravel/framework/src/Illuminate/Pipeline/Pipeline.php(167): Fruitcake\\Cors\\HandleCors->handle()
#31 /home/ua_user/web/vds45379nl.hyperhost.name/public_html/vendor/fideloper/proxy/src/TrustProxies.php(57): Illuminate\\Pipeline\\Pipeline->Illuminate\\Pipeline\\{closure}()
#32 /home/ua_user/web/vds45379nl.hyperhost.name/public_html/vendor/laravel/framework/src/Illuminate/Pipeline/Pipeline.php(167): Fideloper\\Proxy\\TrustProxies->handle()
#33 /home/ua_user/web/vds45379nl.hyperhost.name/public_html/vendor/laravel/framework/src/Illuminate/Pipeline/Pipeline.php(103): Illuminate\\Pipeline\\Pipeline->Illuminate\\Pipeline\\{closure}()
#34 /home/ua_user/web/vds45379nl.hyperhost.name/public_html/vendor/laravel/framework/src/Illuminate/Foundation/Http/Kernel.php(141): Illuminate\\Pipeline\\Pipeline->then()
#35 /home/ua_user/web/vds45379nl.hyperhost.name/public_html/vendor/laravel/framework/src/Illuminate/Foundation/Http/Kernel.php(110): Illuminate\\Foundation\\Http\\Kernel->sendRequestThroughRouter()
#36 /home/ua_user/web/vds45379nl.hyperhost.name/public_html/public/index.php(52): Illuminate\\Foundation\\Http\\Kernel->handle()
#37 {main}
"} 
[2021-07-17 15:57:30] local.ERROR: View [home] not found. {"exception":"[object] (InvalidArgumentException(code: 0): View [home] not found. at /home/ua_user/web/vds45379nl.hyperhost.name/public_html/vendor/laravel/framework/src/Illuminate/View/FileViewFinder.php:137)
[stacktrace]
#0 /home/ua_user/web/vds45379nl.hyperhost.name/public_html/vendor/laravel/framework/src/Illuminate/View/FileViewFinder.php(79): Illuminate\\View\\FileViewFinder->findInPaths()
#1 /home/ua_user/web/vds45379nl.hyperhost.name/public_html/vendor/laravel/framework/src/Illuminate/View/Factory.php(138): Illuminate\\View\\FileViewFinder->find()
#2 /home/ua_user/web/vds45379nl.hyperhost.name/public_html/vendor/laravel/framework/src/Illuminate/Foundation/helpers.php(919): Illuminate\\View\\Factory->make()
#3 /home/ua_user/web/vds45379nl.hyperhost.name/public_html/routes/web.php(17): view()
#4 /home/ua_user/web/vds45379nl.hyperhost.name/public_html/vendor/laravel/framework/src/Illuminate/Routing/Route.php(230): Illuminate\\Routing\\RouteFileRegistrar->{closure}()
#5 /home/ua_user/web/vds45379nl.hyperhost.name/public_html/vendor/laravel/framework/src/Illuminate/Routing/Route.php(200): Illuminate\\Routing\\Route->runCallable()
#6 /home/ua_user/web/vds45379nl.hyperhost.name/public_html/vendor/laravel/framework/src/Illuminate/Routing/Router.php(695): Illuminate\\Routing\\Route->run()
#7 /home/ua_user/web/vds45379nl.hyperhost.name/public_html/vendor/laravel/framework/src/Illuminate/Pipeline/Pipeline.php(128): Illuminate\\Routing\\Router->Illuminate\\Routing\\{closure}()
#8 /home/ua_user/web/vds45379nl.hyperhost.name/public_html/vendor/laravel/framework/src/Illuminate/Routing/Middleware/SubstituteBindings.php(50): Illuminate\\Pipeline\\Pipeline->Illuminate\\Pipeline\\{closure}()
#9 /home/ua_user/web/vds45379nl.hyperhost.name/public_html/vendor/laravel/framework/src/Illuminate/Pipeline/Pipeline.php(167): Illuminate\\Routing\\Middleware\\SubstituteBindings->handle()
#10 /home/ua_user/web/vds45379nl.hyperhost.name/public_html/vendor/laravel/framework/src/Illuminate/Foundation/Http/Middleware/VerifyCsrfToken.php(78): Illuminate\\Pipeline\\Pipeline->Illuminate\\Pipeline\\{closure}()
#11 /home/ua_user/web/vds45379nl.hyperhost.name/public_html/vendor/laravel/framework/src/Illuminate/Pipeline/Pipeline.php(167): Illuminate\\Foundation\\Http\\Middleware\\VerifyCsrfToken->handle()
#12 /home/ua_user/web/vds45379nl.hyperhost.name/public_html/vendor/laravel/framework/src/Illuminate/View/Middleware/ShareErrorsFromSession.php(49): Illuminate\\Pipeline\\Pipeline->Illuminate\\Pipeline\\{closure}()
#13 /home/ua_user/web/vds45379nl.hyperhost.name/public_html/vendor/laravel/framework/src/Illuminate/Pipeline/Pipeline.php(167): Illuminate\\View\\Middleware\\ShareErrorsFromSession->handle()
#14 /home/ua_user/web/vds45379nl.hyperhost.name/public_html/vendor/laravel/framework/src/Illuminate/Session/Middleware/StartSession.php(121): Illuminate\\Pipeline\\Pipeline->Illuminate\\Pipeline\\{closure}()
#15 /home/ua_user/web/vds45379nl.hyperhost.name/public_html/vendor/laravel/framework/src/Illuminate/Session/Middleware/StartSession.php(64): Illuminate\\Session\\Middleware\\StartSession->handleStatefulRequest()
#16 /home/ua_user/web/vds45379nl.hyperhost.name/public_html/vendor/laravel/framework/src/Illuminate/Pipeline/Pipeline.php(167): Illuminate\\Session\\Middleware\\StartSession->handle()
#17 /home/ua_user/web/vds45379nl.hyperhost.name/public_html/vendor/laravel/framework/src/Illuminate/Cookie/Middleware/AddQueuedCookiesToResponse.php(37): Illuminate\\Pipeline\\Pipeline->Illuminate\\Pipeline\\{closure}()
#18 /home/ua_user/web/vds45379nl.hyperhost.name/public_html/vendor/laravel/framework/src/Illuminate/Pipeline/Pipeline.php(167): Illuminate\\Cookie\\Middleware\\AddQueuedCookiesToResponse->handle()
#19 /home/ua_user/web/vds45379nl.hyperhost.name/public_html/vendor/laravel/framework/src/Illuminate/Cookie/Middleware/EncryptCookies.php(67): Illuminate\\Pipeline\\Pipeline->Illuminate\\Pipeline\\{closure}()
#20 /home/ua_user/web/vds45379nl.hyperhost.name/public_html/vendor/laravel/framework/src/Illuminate/Pipeline/Pipeline.php(167): Illuminate\\Cookie\\Middleware\\EncryptCookies->handle()
#21 /home/ua_user/web/vds45379nl.hyperhost.name/public_html/vendor/laravel/framework/src/Illuminate/Pipeline/Pipeline.php(103): Illuminate\\Pipeline\\Pipeline->Illuminate\\Pipeline\\{closure}()
#22 /home/ua_user/web/vds45379nl.hyperhost.name/public_html/vendor/laravel/framework/src/Illuminate/Routing/Router.php(697): Illuminate\\Pipeline\\Pipeline->then()
#23 /home/ua_user/web/vds45379nl.hyperhost.name/public_html/vendor/laravel/framework/src/Illuminate/Routing/Router.php(672): Illuminate\\Routing\\Router->runRouteWithinStack()
#24 /home/ua_user/web/vds45379nl.hyperhost.name/public_html/vendor/laravel/framework/src/Illuminate/Routing/Router.php(636): Illuminate\\Routing\\Router->runRoute()
#25 /home/ua_user/web/vds45379nl.hyperhost.name/public_html/vendor/laravel/framework/src/Illuminate/Routing/Router.php(625): Illuminate\\Routing\\Router->dispatchToRoute()
#26 /home/ua_user/web/vds45379nl.hyperhost.name/public_html/vendor/laravel/framework/src/Illuminate/Foundation/Http/Kernel.php(166): Illuminate\\Routing\\Router->dispatch()
#27 /home/ua_user/web/vds45379nl.hyperhost.name/public_html/vendor/laravel/framework/src/Illuminate/Pipeline/Pipeline.php(128): Illuminate\\Foundation\\Http\\Kernel->Illuminate\\Foundation\\Http\\{closure}()
#28 /home/ua_user/web/vds45379nl.hyperhost.name/public_html/vendor/laravel/framework/src/Illuminate/Foundation/Http/Middleware/TransformsRequest.php(21): Illuminate\\Pipeline\\Pipeline->Illuminate\\Pipeline\\{closure}()
#29 /home/ua_user/web/vds45379nl.hyperhost.name/public_html/vendor/laravel/framework/src/Illuminate/Foundation/Http/Middleware/ConvertEmptyStringsToNull.php(31): Illuminate\\Foundation\\Http\\Middleware\\TransformsRequest->handle()
#30 /home/ua_user/web/vds45379nl.hyperhost.name/public_html/vendor/laravel/framework/src/Illuminate/Pipeline/Pipeline.php(167): Illuminate\\Foundation\\Http\\Middleware\\ConvertEmptyStringsToNull->handle()
#31 /home/ua_user/web/vds45379nl.hyperhost.name/public_html/vendor/laravel/framework/src/Illuminate/Foundation/Http/Middleware/TransformsRequest.php(21): Illuminate\\Pipeline\\Pipeline->Illuminate\\Pipeline\\{closure}()
#32 /home/ua_user/web/vds45379nl.hyperhost.name/public_html/vendor/laravel/framework/src/Illuminate/Foundation/Http/Middleware/TrimStrings.php(40): Illuminate\\Foundation\\Http\\Middleware\\TransformsRequest->handle()
#33 /home/ua_user/web/vds45379nl.hyperhost.name/public_html/vendor/laravel/framework/src/Illuminate/Pipeline/Pipeline.php(167): Illuminate\\Foundation\\Http\\Middleware\\TrimStrings->handle()
#34 /home/ua_user/web/vds45379nl.hyperhost.name/public_html/vendor/laravel/framework/src/Illuminate/Foundation/Http/Middleware/ValidatePostSize.php(27): Illuminate\\Pipeline\\Pipeline->Illuminate\\Pipeline\\{closure}()
#35 /home/ua_user/web/vds45379nl.hyperhost.name/public_html/vendor/laravel/framework/src/Illuminate/Pipeline/Pipeline.php(167): Illuminate\\Foundation\\Http\\Middleware\\ValidatePostSize->handle()
#36 /home/ua_user/web/vds45379nl.hyperhost.name/public_html/vendor/laravel/framework/src/Illuminate/Foundation/Http/Middleware/PreventRequestsDuringMaintenance.php(86): Illuminate\\Pipeline\\Pipeline->Illuminate\\Pipeline\\{closure}()
#37 /home/ua_user/web/vds45379nl.hyperhost.name/public_html/vendor/laravel/framework/src/Illuminate/Pipeline/Pipeline.php(167): Illuminate\\Foundation\\Http\\Middleware\\PreventRequestsDuringMaintenance->handle()
#38 /home/ua_user/web/vds45379nl.hyperhost.name/public_html/vendor/fruitcake/laravel-cors/src/HandleCors.php(38): Illuminate\\Pipeline\\Pipeline->Illuminate\\Pipeline\\{closure}()
#39 /home/ua_user/web/vds45379nl.hyperhost.name/public_html/vendor/laravel/framework/src/Illuminate/Pipeline/Pipeline.php(167): Fruitcake\\Cors\\HandleCors->handle()
#40 /home/ua_user/web/vds45379nl.hyperhost.name/public_html/vendor/fideloper/proxy/src/TrustProxies.php(57): Illuminate\\Pipeline\\Pipeline->Illuminate\\Pipeline\\{closure}()
#41 /home/ua_user/web/vds45379nl.hyperhost.name/public_html/vendor/laravel/framework/src/Illuminate/Pipeline/Pipeline.php(167): Fideloper\\Proxy\\TrustProxies->handle()
#42 /home/ua_user/web/vds45379nl.hyperhost.name/public_html/vendor/laravel/framework/src/Illuminate/Pipeline/Pipeline.php(103): Illuminate\\Pipeline\\Pipeline->Illuminate\\Pipeline\\{closure}()
#43 /home/ua_user/web/vds45379nl.hyperhost.name/public_html/vendor/laravel/framework/src/Illuminate/Foundation/Http/Kernel.php(141): Illuminate\\Pipeline\\Pipeline->then()
#44 /home/ua_user/web/vds45379nl.hyperhost.name/public_html/vendor/laravel/framework/src/Illuminate/Foundation/Http/Kernel.php(110): Illuminate\\Foundation\\Http\\Kernel->sendRequestThroughRouter()
#45 /home/ua_user/web/vds45379nl.hyperhost.name/public_html/public/index.php(52): Illuminate\\Foundation\\Http\\Kernel->handle()
#46 {main}
"} 
[2021-07-17 15:57:31] local.ERROR: file_put_contents(C:\Users\User\PhpstormProjects\my_ua\weua\storage\framework/sessions/Ho6POV6NA51pqI7LJ5B1jOgHGWzA6MpBBYy6GKxT): failed to open stream: No such file or directory {"exception":"[object] (ErrorException(code: 0): file_put_contents(C:\\Users\\User\\PhpstormProjects\\my_ua\\weua\\storage\\framework/sessions/Ho6POV6NA51pqI7LJ5B1jOgHGWzA6MpBBYy6GKxT): failed to open stream: No such file or directory at /home/ua_user/web/vds45379nl.hyperhost.name/public_html/vendor/laravel/framework/src/Illuminate/Filesystem/Filesystem.php:187)
[stacktrace]
#0 [internal function]: Illuminate\\Foundation\\Bootstrap\\HandleExceptions->handleError()
#1 /home/ua_user/web/vds45379nl.hyperhost.name/public_html/vendor/laravel/framework/src/Illuminate/Filesystem/Filesystem.php(187): file_put_contents()
#2 /home/ua_user/web/vds45379nl.hyperhost.name/public_html/vendor/laravel/framework/src/Illuminate/Session/FileSessionHandler.php(83): Illuminate\\Filesystem\\Filesystem->put()
#3 /home/ua_user/web/vds45379nl.hyperhost.name/public_html/vendor/laravel/framework/src/Illuminate/Session/Store.php(129): Illuminate\\Session\\FileSessionHandler->write()
#4 /home/ua_user/web/vds45379nl.hyperhost.name/public_html/vendor/laravel/framework/src/Illuminate/Session/Middleware/StartSession.php(236): Illuminate\\Session\\Store->save()
#5 /home/ua_user/web/vds45379nl.hyperhost.name/public_html/vendor/laravel/framework/src/Illuminate/Session/Middleware/StartSession.php(130): Illuminate\\Session\\Middleware\\StartSession->saveSession()
#6 /home/ua_user/web/vds45379nl.hyperhost.name/public_html/vendor/laravel/framework/src/Illuminate/Session/Middleware/StartSession.php(64): Illuminate\\Session\\Middleware\\StartSession->handleStatefulRequest()
#7 /home/ua_user/web/vds45379nl.hyperhost.name/public_html/vendor/laravel/framework/src/Illuminate/Pipeline/Pipeline.php(167): Illuminate\\Session\\Middleware\\StartSession->handle()
#8 /home/ua_user/web/vds45379nl.hyperhost.name/public_html/vendor/laravel/framework/src/Illuminate/Cookie/Middleware/AddQueuedCookiesToResponse.php(37): Illuminate\\Pipeline\\Pipeline->Illuminate\\Pipeline\\{closure}()
#9 /home/ua_user/web/vds45379nl.hyperhost.name/public_html/vendor/laravel/framework/src/Illuminate/Pipeline/Pipeline.php(167): Illuminate\\Cookie\\Middleware\\AddQueuedCookiesToResponse->handle()
#10 /home/ua_user/web/vds45379nl.hyperhost.name/public_html/vendor/laravel/framework/src/Illuminate/Cookie/Middleware/EncryptCookies.php(67): Illuminate\\Pipeline\\Pipeline->Illuminate\\Pipeline\\{closure}()
#11 /home/ua_user/web/vds45379nl.hyperhost.name/public_html/vendor/laravel/framework/src/Illuminate/Pipeline/Pipeline.php(167): Illuminate\\Cookie\\Middleware\\EncryptCookies->handle()
#12 /home/ua_user/web/vds45379nl.hyperhost.name/public_html/vendor/laravel/framework/src/Illuminate/Pipeline/Pipeline.php(103): Illuminate\\Pipeline\\Pipeline->Illuminate\\Pipeline\\{closure}()
#13 /home/ua_user/web/vds45379nl.hyperhost.name/public_html/vendor/laravel/framework/src/Illuminate/Routing/Router.php(697): Illuminate\\Pipeline\\Pipeline->then()
#14 /home/ua_user/web/vds45379nl.hyperhost.name/public_html/vendor/laravel/framework/src/Illuminate/Routing/Router.php(672): Illuminate\\Routing\\Router->runRouteWithinStack()
#15 /home/ua_user/web/vds45379nl.hyperhost.name/public_html/vendor/laravel/framework/src/Illuminate/Routing/Router.php(636): Illuminate\\Routing\\Router->runRoute()
#16 /home/ua_user/web/vds45379nl.hyperhost.name/public_html/vendor/laravel/framework/src/Illuminate/Routing/Router.php(625): Illuminate\\Routing\\Router->dispatchToRoute()
#17 /home/ua_user/web/vds45379nl.hyperhost.name/public_html/vendor/laravel/framework/src/Illuminate/Foundation/Http/Kernel.php(166): Illuminate\\Routing\\Router->dispatch()
#18 /home/ua_user/web/vds45379nl.hyperhost.name/public_html/vendor/laravel/framework/src/Illuminate/Pipeline/Pipeline.php(128): Illuminate\\Foundation\\Http\\Kernel->Illuminate\\Foundation\\Http\\{closure}()
#19 /home/ua_user/web/vds45379nl.hyperhost.name/public_html/vendor/laravel/framework/src/Illuminate/Foundation/Http/Middleware/TransformsRequest.php(21): Illuminate\\Pipeline\\Pipeline->Illuminate\\Pipeline\\{closure}()
#20 /home/ua_user/web/vds45379nl.hyperhost.name/public_html/vendor/laravel/framework/src/Illuminate/Foundation/Http/Middleware/ConvertEmptyStringsToNull.php(31): Illuminate\\Foundation\\Http\\Middleware\\TransformsRequest->handle()
#21 /home/ua_user/web/vds45379nl.hyperhost.name/public_html/vendor/laravel/framework/src/Illuminate/Pipeline/Pipeline.php(167): Illuminate\\Foundation\\Http\\Middleware\\ConvertEmptyStringsToNull->handle()
#22 /home/ua_user/web/vds45379nl.hyperhost.name/public_html/vendor/laravel/framework/src/Illuminate/Foundation/Http/Middleware/TransformsRequest.php(21): Illuminate\\Pipeline\\Pipeline->Illuminate\\Pipeline\\{closure}()
#23 /home/ua_user/web/vds45379nl.hyperhost.name/public_html/vendor/laravel/framework/src/Illuminate/Foundation/Http/Middleware/TrimStrings.php(40): Illuminate\\Foundation\\Http\\Middleware\\TransformsRequest->handle()
#24 /home/ua_user/web/vds45379nl.hyperhost.name/public_html/vendor/laravel/framework/src/Illuminate/Pipeline/Pipeline.php(167): Illuminate\\Foundation\\Http\\Middleware\\TrimStrings->handle()
#25 /home/ua_user/web/vds45379nl.hyperhost.name/public_html/vendor/laravel/framework/src/Illuminate/Foundation/Http/Middleware/ValidatePostSize.php(27): Illuminate\\Pipeline\\Pipeline->Illuminate\\Pipeline\\{closure}()
#26 /home/ua_user/web/vds45379nl.hyperhost.name/public_html/vendor/laravel/framework/src/Illuminate/Pipeline/Pipeline.php(167): Illuminate\\Foundation\\Http\\Middleware\\ValidatePostSize->handle()
#27 /home/ua_user/web/vds45379nl.hyperhost.name/public_html/vendor/laravel/framework/src/Illuminate/Foundation/Http/Middleware/PreventRequestsDuringMaintenance.php(86): Illuminate\\Pipeline\\Pipeline->Illuminate\\Pipeline\\{closure}()
#28 /home/ua_user/web/vds45379nl.hyperhost.name/public_html/vendor/laravel/framework/src/Illuminate/Pipeline/Pipeline.php(167): Illuminate\\Foundation\\Http\\Middleware\\PreventRequestsDuringMaintenance->handle()
#29 /home/ua_user/web/vds45379nl.hyperhost.name/public_html/vendor/fruitcake/laravel-cors/src/HandleCors.php(38): Illuminate\\Pipeline\\Pipeline->Illuminate\\Pipeline\\{closure}()
#30 /home/ua_user/web/vds45379nl.hyperhost.name/public_html/vendor/laravel/framework/src/Illuminate/Pipeline/Pipeline.php(167): Fruitcake\\Cors\\HandleCors->handle()
#31 /home/ua_user/web/vds45379nl.hyperhost.name/public_html/vendor/fideloper/proxy/src/TrustProxies.php(57): Illuminate\\Pipeline\\Pipeline->Illuminate\\Pipeline\\{closure}()
#32 /home/ua_user/web/vds45379nl.hyperhost.name/public_html/vendor/laravel/framework/src/Illuminate/Pipeline/Pipeline.php(167): Fideloper\\Proxy\\TrustProxies->handle()
#33 /home/ua_user/web/vds45379nl.hyperhost.name/public_html/vendor/laravel/framework/src/Illuminate/Pipeline/Pipeline.php(103): Illuminate\\Pipeline\\Pipeline->Illuminate\\Pipeline\\{closure}()
#34 /home/ua_user/web/vds45379nl.hyperhost.name/public_html/vendor/laravel/framework/src/Illuminate/Foundation/Http/Kernel.php(141): Illuminate\\Pipeline\\Pipeline->then()
#35 /home/ua_user/web/vds45379nl.hyperhost.name/public_html/vendor/laravel/framework/src/Illuminate/Foundation/Http/Kernel.php(110): Illuminate\\Foundation\\Http\\Kernel->sendRequestThroughRouter()
#36 /home/ua_user/web/vds45379nl.hyperhost.name/public_html/public/index.php(52): Illuminate\\Foundation\\Http\\Kernel->handle()
#37 {main}
"} 
[2021-07-17 16:16:43] local.ERROR: View [home] not found. {"exception":"[object] (InvalidArgumentException(code: 0): View [home] not found. at /home/ua_user/web/vds45379nl.hyperhost.name/public_html/vendor/laravel/framework/src/Illuminate/View/FileViewFinder.php:137)
[stacktrace]
#0 /home/ua_user/web/vds45379nl.hyperhost.name/public_html/vendor/laravel/framework/src/Illuminate/View/FileViewFinder.php(79): Illuminate\\View\\FileViewFinder->findInPaths()
#1 /home/ua_user/web/vds45379nl.hyperhost.name/public_html/vendor/laravel/framework/src/Illuminate/View/Factory.php(138): Illuminate\\View\\FileViewFinder->find()
#2 /home/ua_user/web/vds45379nl.hyperhost.name/public_html/vendor/laravel/framework/src/Illuminate/Foundation/helpers.php(919): Illuminate\\View\\Factory->make()
#3 /home/ua_user/web/vds45379nl.hyperhost.name/public_html/routes/web.php(17): view()
#4 /home/ua_user/web/vds45379nl.hyperhost.name/public_html/vendor/laravel/framework/src/Illuminate/Routing/Route.php(230): Illuminate\\Routing\\RouteFileRegistrar->{closure}()
#5 /home/ua_user/web/vds45379nl.hyperhost.name/public_html/vendor/laravel/framework/src/Illuminate/Routing/Route.php(200): Illuminate\\Routing\\Route->runCallable()
#6 /home/ua_user/web/vds45379nl.hyperhost.name/public_html/vendor/laravel/framework/src/Illuminate/Routing/Router.php(695): Illuminate\\Routing\\Route->run()
#7 /home/ua_user/web/vds45379nl.hyperhost.name/public_html/vendor/laravel/framework/src/Illuminate/Pipeline/Pipeline.php(128): Illuminate\\Routing\\Router->Illuminate\\Routing\\{closure}()
#8 /home/ua_user/web/vds45379nl.hyperhost.name/public_html/vendor/laravel/framework/src/Illuminate/Routing/Middleware/SubstituteBindings.php(50): Illuminate\\Pipeline\\Pipeline->Illuminate\\Pipeline\\{closure}()
#9 /home/ua_user/web/vds45379nl.hyperhost.name/public_html/vendor/laravel/framework/src/Illuminate/Pipeline/Pipeline.php(167): Illuminate\\Routing\\Middleware\\SubstituteBindings->handle()
#10 /home/ua_user/web/vds45379nl.hyperhost.name/public_html/vendor/laravel/framework/src/Illuminate/Foundation/Http/Middleware/VerifyCsrfToken.php(78): Illuminate\\Pipeline\\Pipeline->Illuminate\\Pipeline\\{closure}()
#11 /home/ua_user/web/vds45379nl.hyperhost.name/public_html/vendor/laravel/framework/src/Illuminate/Pipeline/Pipeline.php(167): Illuminate\\Foundation\\Http\\Middleware\\VerifyCsrfToken->handle()
#12 /home/ua_user/web/vds45379nl.hyperhost.name/public_html/vendor/laravel/framework/src/Illuminate/View/Middleware/ShareErrorsFromSession.php(49): Illuminate\\Pipeline\\Pipeline->Illuminate\\Pipeline\\{closure}()
#13 /home/ua_user/web/vds45379nl.hyperhost.name/public_html/vendor/laravel/framework/src/Illuminate/Pipeline/Pipeline.php(167): Illuminate\\View\\Middleware\\ShareErrorsFromSession->handle()
#14 /home/ua_user/web/vds45379nl.hyperhost.name/public_html/vendor/laravel/framework/src/Illuminate/Session/Middleware/StartSession.php(121): Illuminate\\Pipeline\\Pipeline->Illuminate\\Pipeline\\{closure}()
#15 /home/ua_user/web/vds45379nl.hyperhost.name/public_html/vendor/laravel/framework/src/Illuminate/Session/Middleware/StartSession.php(64): Illuminate\\Session\\Middleware\\StartSession->handleStatefulRequest()
#16 /home/ua_user/web/vds45379nl.hyperhost.name/public_html/vendor/laravel/framework/src/Illuminate/Pipeline/Pipeline.php(167): Illuminate\\Session\\Middleware\\StartSession->handle()
#17 /home/ua_user/web/vds45379nl.hyperhost.name/public_html/vendor/laravel/framework/src/Illuminate/Cookie/Middleware/AddQueuedCookiesToResponse.php(37): Illuminate\\Pipeline\\Pipeline->Illuminate\\Pipeline\\{closure}()
#18 /home/ua_user/web/vds45379nl.hyperhost.name/public_html/vendor/laravel/framework/src/Illuminate/Pipeline/Pipeline.php(167): Illuminate\\Cookie\\Middleware\\AddQueuedCookiesToResponse->handle()
#19 /home/ua_user/web/vds45379nl.hyperhost.name/public_html/vendor/laravel/framework/src/Illuminate/Cookie/Middleware/EncryptCookies.php(67): Illuminate\\Pipeline\\Pipeline->Illuminate\\Pipeline\\{closure}()
#20 /home/ua_user/web/vds45379nl.hyperhost.name/public_html/vendor/laravel/framework/src/Illuminate/Pipeline/Pipeline.php(167): Illuminate\\Cookie\\Middleware\\EncryptCookies->handle()
#21 /home/ua_user/web/vds45379nl.hyperhost.name/public_html/vendor/laravel/framework/src/Illuminate/Pipeline/Pipeline.php(103): Illuminate\\Pipeline\\Pipeline->Illuminate\\Pipeline\\{closure}()
#22 /home/ua_user/web/vds45379nl.hyperhost.name/public_html/vendor/laravel/framework/src/Illuminate/Routing/Router.php(697): Illuminate\\Pipeline\\Pipeline->then()
#23 /home/ua_user/web/vds45379nl.hyperhost.name/public_html/vendor/laravel/framework/src/Illuminate/Routing/Router.php(672): Illuminate\\Routing\\Router->runRouteWithinStack()
#24 /home/ua_user/web/vds45379nl.hyperhost.name/public_html/vendor/laravel/framework/src/Illuminate/Routing/Router.php(636): Illuminate\\Routing\\Router->runRoute()
#25 /home/ua_user/web/vds45379nl.hyperhost.name/public_html/vendor/laravel/framework/src/Illuminate/Routing/Router.php(625): Illuminate\\Routing\\Router->dispatchToRoute()
#26 /home/ua_user/web/vds45379nl.hyperhost.name/public_html/vendor/laravel/framework/src/Illuminate/Foundation/Http/Kernel.php(166): Illuminate\\Routing\\Router->dispatch()
#27 /home/ua_user/web/vds45379nl.hyperhost.name/public_html/vendor/laravel/framework/src/Illuminate/Pipeline/Pipeline.php(128): Illuminate\\Foundation\\Http\\Kernel->Illuminate\\Foundation\\Http\\{closure}()
#28 /home/ua_user/web/vds45379nl.hyperhost.name/public_html/vendor/laravel/framework/src/Illuminate/Foundation/Http/Middleware/TransformsRequest.php(21): Illuminate\\Pipeline\\Pipeline->Illuminate\\Pipeline\\{closure}()
#29 /home/ua_user/web/vds45379nl.hyperhost.name/public_html/vendor/laravel/framework/src/Illuminate/Foundation/Http/Middleware/ConvertEmptyStringsToNull.php(31): Illuminate\\Foundation\\Http\\Middleware\\TransformsRequest->handle()
#30 /home/ua_user/web/vds45379nl.hyperhost.name/public_html/vendor/laravel/framework/src/Illuminate/Pipeline/Pipeline.php(167): Illuminate\\Foundation\\Http\\Middleware\\ConvertEmptyStringsToNull->handle()
#31 /home/ua_user/web/vds45379nl.hyperhost.name/public_html/vendor/laravel/framework/src/Illuminate/Foundation/Http/Middleware/TransformsRequest.php(21): Illuminate\\Pipeline\\Pipeline->Illuminate\\Pipeline\\{closure}()
#32 /home/ua_user/web/vds45379nl.hyperhost.name/public_html/vendor/laravel/framework/src/Illuminate/Foundation/Http/Middleware/TrimStrings.php(40): Illuminate\\Foundation\\Http\\Middleware\\TransformsRequest->handle()
#33 /home/ua_user/web/vds45379nl.hyperhost.name/public_html/vendor/laravel/framework/src/Illuminate/Pipeline/Pipeline.php(167): Illuminate\\Foundation\\Http\\Middleware\\TrimStrings->handle()
#34 /home/ua_user/web/vds45379nl.hyperhost.name/public_html/vendor/laravel/framework/src/Illuminate/Foundation/Http/Middleware/ValidatePostSize.php(27): Illuminate\\Pipeline\\Pipeline->Illuminate\\Pipeline\\{closure}()
#35 /home/ua_user/web/vds45379nl.hyperhost.name/public_html/vendor/laravel/framework/src/Illuminate/Pipeline/Pipeline.php(167): Illuminate\\Foundation\\Http\\Middleware\\ValidatePostSize->handle()
#36 /home/ua_user/web/vds45379nl.hyperhost.name/public_html/vendor/laravel/framework/src/Illuminate/Foundation/Http/Middleware/PreventRequestsDuringMaintenance.php(86): Illuminate\\Pipeline\\Pipeline->Illuminate\\Pipeline\\{closure}()
#37 /home/ua_user/web/vds45379nl.hyperhost.name/public_html/vendor/laravel/framework/src/Illuminate/Pipeline/Pipeline.php(167): Illuminate\\Foundation\\Http\\Middleware\\PreventRequestsDuringMaintenance->handle()
#38 /home/ua_user/web/vds45379nl.hyperhost.name/public_html/vendor/fruitcake/laravel-cors/src/HandleCors.php(38): Illuminate\\Pipeline\\Pipeline->Illuminate\\Pipeline\\{closure}()
#39 /home/ua_user/web/vds45379nl.hyperhost.name/public_html/vendor/laravel/framework/src/Illuminate/Pipeline/Pipeline.php(167): Fruitcake\\Cors\\HandleCors->handle()
#40 /home/ua_user/web/vds45379nl.hyperhost.name/public_html/vendor/fideloper/proxy/src/TrustProxies.php(57): Illuminate\\Pipeline\\Pipeline->Illuminate\\Pipeline\\{closure}()
#41 /home/ua_user/web/vds45379nl.hyperhost.name/public_html/vendor/laravel/framework/src/Illuminate/Pipeline/Pipeline.php(167): Fideloper\\Proxy\\TrustProxies->handle()
#42 /home/ua_user/web/vds45379nl.hyperhost.name/public_html/vendor/laravel/framework/src/Illuminate/Pipeline/Pipeline.php(103): Illuminate\\Pipeline\\Pipeline->Illuminate\\Pipeline\\{closure}()
#43 /home/ua_user/web/vds45379nl.hyperhost.name/public_html/vendor/laravel/framework/src/Illuminate/Foundation/Http/Kernel.php(141): Illuminate\\Pipeline\\Pipeline->then()
#44 /home/ua_user/web/vds45379nl.hyperhost.name/public_html/vendor/laravel/framework/src/Illuminate/Foundation/Http/Kernel.php(110): Illuminate\\Foundation\\Http\\Kernel->sendRequestThroughRouter()
#45 /home/ua_user/web/vds45379nl.hyperhost.name/public_html/public/index.php(52): Illuminate\\Foundation\\Http\\Kernel->handle()
#46 {main}
"} 
[2021-07-17 16:16:43] local.ERROR: file_put_contents(C:\Users\User\PhpstormProjects\my_ua\weua\storage\framework/sessions/o7eYEBdC9rz0J1aNqNo3uzjFE9OwesbQ43d4w1O2): failed to open stream: No such file or directory {"exception":"[object] (ErrorException(code: 0): file_put_contents(C:\\Users\\User\\PhpstormProjects\\my_ua\\weua\\storage\\framework/sessions/o7eYEBdC9rz0J1aNqNo3uzjFE9OwesbQ43d4w1O2): failed to open stream: No such file or directory at /home/ua_user/web/vds45379nl.hyperhost.name/public_html/vendor/laravel/framework/src/Illuminate/Filesystem/Filesystem.php:187)
[stacktrace]
#0 [internal function]: Illuminate\\Foundation\\Bootstrap\\HandleExceptions->handleError()
#1 /home/ua_user/web/vds45379nl.hyperhost.name/public_html/vendor/laravel/framework/src/Illuminate/Filesystem/Filesystem.php(187): file_put_contents()
#2 /home/ua_user/web/vds45379nl.hyperhost.name/public_html/vendor/laravel/framework/src/Illuminate/Session/FileSessionHandler.php(83): Illuminate\\Filesystem\\Filesystem->put()
#3 /home/ua_user/web/vds45379nl.hyperhost.name/public_html/vendor/laravel/framework/src/Illuminate/Session/Store.php(129): Illuminate\\Session\\FileSessionHandler->write()
#4 /home/ua_user/web/vds45379nl.hyperhost.name/public_html/vendor/laravel/framework/src/Illuminate/Session/Middleware/StartSession.php(236): Illuminate\\Session\\Store->save()
#5 /home/ua_user/web/vds45379nl.hyperhost.name/public_html/vendor/laravel/framework/src/Illuminate/Session/Middleware/StartSession.php(130): Illuminate\\Session\\Middleware\\StartSession->saveSession()
#6 /home/ua_user/web/vds45379nl.hyperhost.name/public_html/vendor/laravel/framework/src/Illuminate/Session/Middleware/StartSession.php(64): Illuminate\\Session\\Middleware\\StartSession->handleStatefulRequest()
#7 /home/ua_user/web/vds45379nl.hyperhost.name/public_html/vendor/laravel/framework/src/Illuminate/Pipeline/Pipeline.php(167): Illuminate\\Session\\Middleware\\StartSession->handle()
#8 /home/ua_user/web/vds45379nl.hyperhost.name/public_html/vendor/laravel/framework/src/Illuminate/Cookie/Middleware/AddQueuedCookiesToResponse.php(37): Illuminate\\Pipeline\\Pipeline->Illuminate\\Pipeline\\{closure}()
#9 /home/ua_user/web/vds45379nl.hyperhost.name/public_html/vendor/laravel/framework/src/Illuminate/Pipeline/Pipeline.php(167): Illuminate\\Cookie\\Middleware\\AddQueuedCookiesToResponse->handle()
#10 /home/ua_user/web/vds45379nl.hyperhost.name/public_html/vendor/laravel/framework/src/Illuminate/Cookie/Middleware/EncryptCookies.php(67): Illuminate\\Pipeline\\Pipeline->Illuminate\\Pipeline\\{closure}()
#11 /home/ua_user/web/vds45379nl.hyperhost.name/public_html/vendor/laravel/framework/src/Illuminate/Pipeline/Pipeline.php(167): Illuminate\\Cookie\\Middleware\\EncryptCookies->handle()
#12 /home/ua_user/web/vds45379nl.hyperhost.name/public_html/vendor/laravel/framework/src/Illuminate/Pipeline/Pipeline.php(103): Illuminate\\Pipeline\\Pipeline->Illuminate\\Pipeline\\{closure}()
#13 /home/ua_user/web/vds45379nl.hyperhost.name/public_html/vendor/laravel/framework/src/Illuminate/Routing/Router.php(697): Illuminate\\Pipeline\\Pipeline->then()
#14 /home/ua_user/web/vds45379nl.hyperhost.name/public_html/vendor/laravel/framework/src/Illuminate/Routing/Router.php(672): Illuminate\\Routing\\Router->runRouteWithinStack()
#15 /home/ua_user/web/vds45379nl.hyperhost.name/public_html/vendor/laravel/framework/src/Illuminate/Routing/Router.php(636): Illuminate\\Routing\\Router->runRoute()
#16 /home/ua_user/web/vds45379nl.hyperhost.name/public_html/vendor/laravel/framework/src/Illuminate/Routing/Router.php(625): Illuminate\\Routing\\Router->dispatchToRoute()
#17 /home/ua_user/web/vds45379nl.hyperhost.name/public_html/vendor/laravel/framework/src/Illuminate/Foundation/Http/Kernel.php(166): Illuminate\\Routing\\Router->dispatch()
#18 /home/ua_user/web/vds45379nl.hyperhost.name/public_html/vendor/laravel/framework/src/Illuminate/Pipeline/Pipeline.php(128): Illuminate\\Foundation\\Http\\Kernel->Illuminate\\Foundation\\Http\\{closure}()
#19 /home/ua_user/web/vds45379nl.hyperhost.name/public_html/vendor/laravel/framework/src/Illuminate/Foundation/Http/Middleware/TransformsRequest.php(21): Illuminate\\Pipeline\\Pipeline->Illuminate\\Pipeline\\{closure}()
#20 /home/ua_user/web/vds45379nl.hyperhost.name/public_html/vendor/laravel/framework/src/Illuminate/Foundation/Http/Middleware/ConvertEmptyStringsToNull.php(31): Illuminate\\Foundation\\Http\\Middleware\\TransformsRequest->handle()
#21 /home/ua_user/web/vds45379nl.hyperhost.name/public_html/vendor/laravel/framework/src/Illuminate/Pipeline/Pipeline.php(167): Illuminate\\Foundation\\Http\\Middleware\\ConvertEmptyStringsToNull->handle()
#22 /home/ua_user/web/vds45379nl.hyperhost.name/public_html/vendor/laravel/framework/src/Illuminate/Foundation/Http/Middleware/TransformsRequest.php(21): Illuminate\\Pipeline\\Pipeline->Illuminate\\Pipeline\\{closure}()
#23 /home/ua_user/web/vds45379nl.hyperhost.name/public_html/vendor/laravel/framework/src/Illuminate/Foundation/Http/Middleware/TrimStrings.php(40): Illuminate\\Foundation\\Http\\Middleware\\TransformsRequest->handle()
#24 /home/ua_user/web/vds45379nl.hyperhost.name/public_html/vendor/laravel/framework/src/Illuminate/Pipeline/Pipeline.php(167): Illuminate\\Foundation\\Http\\Middleware\\TrimStrings->handle()
#25 /home/ua_user/web/vds45379nl.hyperhost.name/public_html/vendor/laravel/framework/src/Illuminate/Foundation/Http/Middleware/ValidatePostSize.php(27): Illuminate\\Pipeline\\Pipeline->Illuminate\\Pipeline\\{closure}()
#26 /home/ua_user/web/vds45379nl.hyperhost.name/public_html/vendor/laravel/framework/src/Illuminate/Pipeline/Pipeline.php(167): Illuminate\\Foundation\\Http\\Middleware\\ValidatePostSize->handle()
#27 /home/ua_user/web/vds45379nl.hyperhost.name/public_html/vendor/laravel/framework/src/Illuminate/Foundation/Http/Middleware/PreventRequestsDuringMaintenance.php(86): Illuminate\\Pipeline\\Pipeline->Illuminate\\Pipeline\\{closure}()
#28 /home/ua_user/web/vds45379nl.hyperhost.name/public_html/vendor/laravel/framework/src/Illuminate/Pipeline/Pipeline.php(167): Illuminate\\Foundation\\Http\\Middleware\\PreventRequestsDuringMaintenance->handle()
#29 /home/ua_user/web/vds45379nl.hyperhost.name/public_html/vendor/fruitcake/laravel-cors/src/HandleCors.php(38): Illuminate\\Pipeline\\Pipeline->Illuminate\\Pipeline\\{closure}()
#30 /home/ua_user/web/vds45379nl.hyperhost.name/public_html/vendor/laravel/framework/src/Illuminate/Pipeline/Pipeline.php(167): Fruitcake\\Cors\\HandleCors->handle()
#31 /home/ua_user/web/vds45379nl.hyperhost.name/public_html/vendor/fideloper/proxy/src/TrustProxies.php(57): Illuminate\\Pipeline\\Pipeline->Illuminate\\Pipeline\\{closure}()
#32 /home/ua_user/web/vds45379nl.hyperhost.name/public_html/vendor/laravel/framework/src/Illuminate/Pipeline/Pipeline.php(167): Fideloper\\Proxy\\TrustProxies->handle()
#33 /home/ua_user/web/vds45379nl.hyperhost.name/public_html/vendor/laravel/framework/src/Illuminate/Pipeline/Pipeline.php(103): Illuminate\\Pipeline\\Pipeline->Illuminate\\Pipeline\\{closure}()
#34 /home/ua_user/web/vds45379nl.hyperhost.name/public_html/vendor/laravel/framework/src/Illuminate/Foundation/Http/Kernel.php(141): Illuminate\\Pipeline\\Pipeline->then()
#35 /home/ua_user/web/vds45379nl.hyperhost.name/public_html/vendor/laravel/framework/src/Illuminate/Foundation/Http/Kernel.php(110): Illuminate\\Foundation\\Http\\Kernel->sendRequestThroughRouter()
#36 /home/ua_user/web/vds45379nl.hyperhost.name/public_html/public/index.php(52): Illuminate\\Foundation\\Http\\Kernel->handle()
#37 {main}
"} 
[2021-07-17 16:32:59] local.ERROR: View [home] not found. {"exception":"[object] (InvalidArgumentException(code: 0): View [home] not found. at /home/ua_user/web/vds45379nl.hyperhost.name/public_html/vendor/laravel/framework/src/Illuminate/View/FileViewFinder.php:137)
[stacktrace]
#0 /home/ua_user/web/vds45379nl.hyperhost.name/public_html/vendor/laravel/framework/src/Illuminate/View/FileViewFinder.php(79): Illuminate\\View\\FileViewFinder->findInPaths()
#1 /home/ua_user/web/vds45379nl.hyperhost.name/public_html/vendor/laravel/framework/src/Illuminate/View/Factory.php(138): Illuminate\\View\\FileViewFinder->find()
#2 /home/ua_user/web/vds45379nl.hyperhost.name/public_html/vendor/laravel/framework/src/Illuminate/Foundation/helpers.php(919): Illuminate\\View\\Factory->make()
#3 /home/ua_user/web/vds45379nl.hyperhost.name/public_html/routes/web.php(17): view()
#4 /home/ua_user/web/vds45379nl.hyperhost.name/public_html/vendor/laravel/framework/src/Illuminate/Routing/Route.php(230): Illuminate\\Routing\\RouteFileRegistrar->{closure}()
#5 /home/ua_user/web/vds45379nl.hyperhost.name/public_html/vendor/laravel/framework/src/Illuminate/Routing/Route.php(200): Illuminate\\Routing\\Route->runCallable()
#6 /home/ua_user/web/vds45379nl.hyperhost.name/public_html/vendor/laravel/framework/src/Illuminate/Routing/Router.php(695): Illuminate\\Routing\\Route->run()
#7 /home/ua_user/web/vds45379nl.hyperhost.name/public_html/vendor/laravel/framework/src/Illuminate/Pipeline/Pipeline.php(128): Illuminate\\Routing\\Router->Illuminate\\Routing\\{closure}()
#8 /home/ua_user/web/vds45379nl.hyperhost.name/public_html/vendor/laravel/framework/src/Illuminate/Routing/Middleware/SubstituteBindings.php(50): Illuminate\\Pipeline\\Pipeline->Illuminate\\Pipeline\\{closure}()
#9 /home/ua_user/web/vds45379nl.hyperhost.name/public_html/vendor/laravel/framework/src/Illuminate/Pipeline/Pipeline.php(167): Illuminate\\Routing\\Middleware\\SubstituteBindings->handle()
#10 /home/ua_user/web/vds45379nl.hyperhost.name/public_html/vendor/laravel/framework/src/Illuminate/Foundation/Http/Middleware/VerifyCsrfToken.php(78): Illuminate\\Pipeline\\Pipeline->Illuminate\\Pipeline\\{closure}()
#11 /home/ua_user/web/vds45379nl.hyperhost.name/public_html/vendor/laravel/framework/src/Illuminate/Pipeline/Pipeline.php(167): Illuminate\\Foundation\\Http\\Middleware\\VerifyCsrfToken->handle()
#12 /home/ua_user/web/vds45379nl.hyperhost.name/public_html/vendor/laravel/framework/src/Illuminate/View/Middleware/ShareErrorsFromSession.php(49): Illuminate\\Pipeline\\Pipeline->Illuminate\\Pipeline\\{closure}()
#13 /home/ua_user/web/vds45379nl.hyperhost.name/public_html/vendor/laravel/framework/src/Illuminate/Pipeline/Pipeline.php(167): Illuminate\\View\\Middleware\\ShareErrorsFromSession->handle()
#14 /home/ua_user/web/vds45379nl.hyperhost.name/public_html/vendor/laravel/framework/src/Illuminate/Session/Middleware/StartSession.php(121): Illuminate\\Pipeline\\Pipeline->Illuminate\\Pipeline\\{closure}()
#15 /home/ua_user/web/vds45379nl.hyperhost.name/public_html/vendor/laravel/framework/src/Illuminate/Session/Middleware/StartSession.php(64): Illuminate\\Session\\Middleware\\StartSession->handleStatefulRequest()
#16 /home/ua_user/web/vds45379nl.hyperhost.name/public_html/vendor/laravel/framework/src/Illuminate/Pipeline/Pipeline.php(167): Illuminate\\Session\\Middleware\\StartSession->handle()
#17 /home/ua_user/web/vds45379nl.hyperhost.name/public_html/vendor/laravel/framework/src/Illuminate/Cookie/Middleware/AddQueuedCookiesToResponse.php(37): Illuminate\\Pipeline\\Pipeline->Illuminate\\Pipeline\\{closure}()
#18 /home/ua_user/web/vds45379nl.hyperhost.name/public_html/vendor/laravel/framework/src/Illuminate/Pipeline/Pipeline.php(167): Illuminate\\Cookie\\Middleware\\AddQueuedCookiesToResponse->handle()
#19 /home/ua_user/web/vds45379nl.hyperhost.name/public_html/vendor/laravel/framework/src/Illuminate/Cookie/Middleware/EncryptCookies.php(67): Illuminate\\Pipeline\\Pipeline->Illuminate\\Pipeline\\{closure}()
#20 /home/ua_user/web/vds45379nl.hyperhost.name/public_html/vendor/laravel/framework/src/Illuminate/Pipeline/Pipeline.php(167): Illuminate\\Cookie\\Middleware\\EncryptCookies->handle()
#21 /home/ua_user/web/vds45379nl.hyperhost.name/public_html/vendor/laravel/framework/src/Illuminate/Pipeline/Pipeline.php(103): Illuminate\\Pipeline\\Pipeline->Illuminate\\Pipeline\\{closure}()
#22 /home/ua_user/web/vds45379nl.hyperhost.name/public_html/vendor/laravel/framework/src/Illuminate/Routing/Router.php(697): Illuminate\\Pipeline\\Pipeline->then()
#23 /home/ua_user/web/vds45379nl.hyperhost.name/public_html/vendor/laravel/framework/src/Illuminate/Routing/Router.php(672): Illuminate\\Routing\\Router->runRouteWithinStack()
#24 /home/ua_user/web/vds45379nl.hyperhost.name/public_html/vendor/laravel/framework/src/Illuminate/Routing/Router.php(636): Illuminate\\Routing\\Router->runRoute()
#25 /home/ua_user/web/vds45379nl.hyperhost.name/public_html/vendor/laravel/framework/src/Illuminate/Routing/Router.php(625): Illuminate\\Routing\\Router->dispatchToRoute()
#26 /home/ua_user/web/vds45379nl.hyperhost.name/public_html/vendor/laravel/framework/src/Illuminate/Foundation/Http/Kernel.php(166): Illuminate\\Routing\\Router->dispatch()
#27 /home/ua_user/web/vds45379nl.hyperhost.name/public_html/vendor/laravel/framework/src/Illuminate/Pipeline/Pipeline.php(128): Illuminate\\Foundation\\Http\\Kernel->Illuminate\\Foundation\\Http\\{closure}()
#28 /home/ua_user/web/vds45379nl.hyperhost.name/public_html/vendor/laravel/framework/src/Illuminate/Foundation/Http/Middleware/TransformsRequest.php(21): Illuminate\\Pipeline\\Pipeline->Illuminate\\Pipeline\\{closure}()
#29 /home/ua_user/web/vds45379nl.hyperhost.name/public_html/vendor/laravel/framework/src/Illuminate/Foundation/Http/Middleware/ConvertEmptyStringsToNull.php(31): Illuminate\\Foundation\\Http\\Middleware\\TransformsRequest->handle()
#30 /home/ua_user/web/vds45379nl.hyperhost.name/public_html/vendor/laravel/framework/src/Illuminate/Pipeline/Pipeline.php(167): Illuminate\\Foundation\\Http\\Middleware\\ConvertEmptyStringsToNull->handle()
#31 /home/ua_user/web/vds45379nl.hyperhost.name/public_html/vendor/laravel/framework/src/Illuminate/Foundation/Http/Middleware/TransformsRequest.php(21): Illuminate\\Pipeline\\Pipeline->Illuminate\\Pipeline\\{closure}()
#32 /home/ua_user/web/vds45379nl.hyperhost.name/public_html/vendor/laravel/framework/src/Illuminate/Foundation/Http/Middleware/TrimStrings.php(40): Illuminate\\Foundation\\Http\\Middleware\\TransformsRequest->handle()
#33 /home/ua_user/web/vds45379nl.hyperhost.name/public_html/vendor/laravel/framework/src/Illuminate/Pipeline/Pipeline.php(167): Illuminate\\Foundation\\Http\\Middleware\\TrimStrings->handle()
#34 /home/ua_user/web/vds45379nl.hyperhost.name/public_html/vendor/laravel/framework/src/Illuminate/Foundation/Http/Middleware/ValidatePostSize.php(27): Illuminate\\Pipeline\\Pipeline->Illuminate\\Pipeline\\{closure}()
#35 /home/ua_user/web/vds45379nl.hyperhost.name/public_html/vendor/laravel/framework/src/Illuminate/Pipeline/Pipeline.php(167): Illuminate\\Foundation\\Http\\Middleware\\ValidatePostSize->handle()
#36 /home/ua_user/web/vds45379nl.hyperhost.name/public_html/vendor/laravel/framework/src/Illuminate/Foundation/Http/Middleware/PreventRequestsDuringMaintenance.php(86): Illuminate\\Pipeline\\Pipeline->Illuminate\\Pipeline\\{closure}()
#37 /home/ua_user/web/vds45379nl.hyperhost.name/public_html/vendor/laravel/framework/src/Illuminate/Pipeline/Pipeline.php(167): Illuminate\\Foundation\\Http\\Middleware\\PreventRequestsDuringMaintenance->handle()
#38 /home/ua_user/web/vds45379nl.hyperhost.name/public_html/vendor/fruitcake/laravel-cors/src/HandleCors.php(38): Illuminate\\Pipeline\\Pipeline->Illuminate\\Pipeline\\{closure}()
#39 /home/ua_user/web/vds45379nl.hyperhost.name/public_html/vendor/laravel/framework/src/Illuminate/Pipeline/Pipeline.php(167): Fruitcake\\Cors\\HandleCors->handle()
#40 /home/ua_user/web/vds45379nl.hyperhost.name/public_html/vendor/fideloper/proxy/src/TrustProxies.php(57): Illuminate\\Pipeline\\Pipeline->Illuminate\\Pipeline\\{closure}()
#41 /home/ua_user/web/vds45379nl.hyperhost.name/public_html/vendor/laravel/framework/src/Illuminate/Pipeline/Pipeline.php(167): Fideloper\\Proxy\\TrustProxies->handle()
#42 /home/ua_user/web/vds45379nl.hyperhost.name/public_html/vendor/laravel/framework/src/Illuminate/Pipeline/Pipeline.php(103): Illuminate\\Pipeline\\Pipeline->Illuminate\\Pipeline\\{closure}()
#43 /home/ua_user/web/vds45379nl.hyperhost.name/public_html/vendor/laravel/framework/src/Illuminate/Foundation/Http/Kernel.php(141): Illuminate\\Pipeline\\Pipeline->then()
#44 /home/ua_user/web/vds45379nl.hyperhost.name/public_html/vendor/laravel/framework/src/Illuminate/Foundation/Http/Kernel.php(110): Illuminate\\Foundation\\Http\\Kernel->sendRequestThroughRouter()
#45 /home/ua_user/web/vds45379nl.hyperhost.name/public_html/public/index.php(52): Illuminate\\Foundation\\Http\\Kernel->handle()
#46 {main}
"} 
[2021-07-17 16:32:59] local.ERROR: file_put_contents(C:\Users\User\PhpstormProjects\my_ua\weua\storage\framework/sessions/qY452rpYnRRt2VWP3AQ1qiCVm7EPPASdByMtQg9b): failed to open stream: No such file or directory {"exception":"[object] (ErrorException(code: 0): file_put_contents(C:\\Users\\User\\PhpstormProjects\\my_ua\\weua\\storage\\framework/sessions/qY452rpYnRRt2VWP3AQ1qiCVm7EPPASdByMtQg9b): failed to open stream: No such file or directory at /home/ua_user/web/vds45379nl.hyperhost.name/public_html/vendor/laravel/framework/src/Illuminate/Filesystem/Filesystem.php:187)
[stacktrace]
#0 [internal function]: Illuminate\\Foundation\\Bootstrap\\HandleExceptions->handleError()
#1 /home/ua_user/web/vds45379nl.hyperhost.name/public_html/vendor/laravel/framework/src/Illuminate/Filesystem/Filesystem.php(187): file_put_contents()
#2 /home/ua_user/web/vds45379nl.hyperhost.name/public_html/vendor/laravel/framework/src/Illuminate/Session/FileSessionHandler.php(83): Illuminate\\Filesystem\\Filesystem->put()
#3 /home/ua_user/web/vds45379nl.hyperhost.name/public_html/vendor/laravel/framework/src/Illuminate/Session/Store.php(129): Illuminate\\Session\\FileSessionHandler->write()
#4 /home/ua_user/web/vds45379nl.hyperhost.name/public_html/vendor/laravel/framework/src/Illuminate/Session/Middleware/StartSession.php(236): Illuminate\\Session\\Store->save()
#5 /home/ua_user/web/vds45379nl.hyperhost.name/public_html/vendor/laravel/framework/src/Illuminate/Session/Middleware/StartSession.php(130): Illuminate\\Session\\Middleware\\StartSession->saveSession()
#6 /home/ua_user/web/vds45379nl.hyperhost.name/public_html/vendor/laravel/framework/src/Illuminate/Session/Middleware/StartSession.php(64): Illuminate\\Session\\Middleware\\StartSession->handleStatefulRequest()
#7 /home/ua_user/web/vds45379nl.hyperhost.name/public_html/vendor/laravel/framework/src/Illuminate/Pipeline/Pipeline.php(167): Illuminate\\Session\\Middleware\\StartSession->handle()
#8 /home/ua_user/web/vds45379nl.hyperhost.name/public_html/vendor/laravel/framework/src/Illuminate/Cookie/Middleware/AddQueuedCookiesToResponse.php(37): Illuminate\\Pipeline\\Pipeline->Illuminate\\Pipeline\\{closure}()
#9 /home/ua_user/web/vds45379nl.hyperhost.name/public_html/vendor/laravel/framework/src/Illuminate/Pipeline/Pipeline.php(167): Illuminate\\Cookie\\Middleware\\AddQueuedCookiesToResponse->handle()
#10 /home/ua_user/web/vds45379nl.hyperhost.name/public_html/vendor/laravel/framework/src/Illuminate/Cookie/Middleware/EncryptCookies.php(67): Illuminate\\Pipeline\\Pipeline->Illuminate\\Pipeline\\{closure}()
#11 /home/ua_user/web/vds45379nl.hyperhost.name/public_html/vendor/laravel/framework/src/Illuminate/Pipeline/Pipeline.php(167): Illuminate\\Cookie\\Middleware\\EncryptCookies->handle()
#12 /home/ua_user/web/vds45379nl.hyperhost.name/public_html/vendor/laravel/framework/src/Illuminate/Pipeline/Pipeline.php(103): Illuminate\\Pipeline\\Pipeline->Illuminate\\Pipeline\\{closure}()
#13 /home/ua_user/web/vds45379nl.hyperhost.name/public_html/vendor/laravel/framework/src/Illuminate/Routing/Router.php(697): Illuminate\\Pipeline\\Pipeline->then()
#14 /home/ua_user/web/vds45379nl.hyperhost.name/public_html/vendor/laravel/framework/src/Illuminate/Routing/Router.php(672): Illuminate\\Routing\\Router->runRouteWithinStack()
#15 /home/ua_user/web/vds45379nl.hyperhost.name/public_html/vendor/laravel/framework/src/Illuminate/Routing/Router.php(636): Illuminate\\Routing\\Router->runRoute()
#16 /home/ua_user/web/vds45379nl.hyperhost.name/public_html/vendor/laravel/framework/src/Illuminate/Routing/Router.php(625): Illuminate\\Routing\\Router->dispatchToRoute()
#17 /home/ua_user/web/vds45379nl.hyperhost.name/public_html/vendor/laravel/framework/src/Illuminate/Foundation/Http/Kernel.php(166): Illuminate\\Routing\\Router->dispatch()
#18 /home/ua_user/web/vds45379nl.hyperhost.name/public_html/vendor/laravel/framework/src/Illuminate/Pipeline/Pipeline.php(128): Illuminate\\Foundation\\Http\\Kernel->Illuminate\\Foundation\\Http\\{closure}()
#19 /home/ua_user/web/vds45379nl.hyperhost.name/public_html/vendor/laravel/framework/src/Illuminate/Foundation/Http/Middleware/TransformsRequest.php(21): Illuminate\\Pipeline\\Pipeline->Illuminate\\Pipeline\\{closure}()
#20 /home/ua_user/web/vds45379nl.hyperhost.name/public_html/vendor/laravel/framework/src/Illuminate/Foundation/Http/Middleware/ConvertEmptyStringsToNull.php(31): Illuminate\\Foundation\\Http\\Middleware\\TransformsRequest->handle()
#21 /home/ua_user/web/vds45379nl.hyperhost.name/public_html/vendor/laravel/framework/src/Illuminate/Pipeline/Pipeline.php(167): Illuminate\\Foundation\\Http\\Middleware\\ConvertEmptyStringsToNull->handle()
#22 /home/ua_user/web/vds45379nl.hyperhost.name/public_html/vendor/laravel/framework/src/Illuminate/Foundation/Http/Middleware/TransformsRequest.php(21): Illuminate\\Pipeline\\Pipeline->Illuminate\\Pipeline\\{closure}()
#23 /home/ua_user/web/vds45379nl.hyperhost.name/public_html/vendor/laravel/framework/src/Illuminate/Foundation/Http/Middleware/TrimStrings.php(40): Illuminate\\Foundation\\Http\\Middleware\\TransformsRequest->handle()
#24 /home/ua_user/web/vds45379nl.hyperhost.name/public_html/vendor/laravel/framework/src/Illuminate/Pipeline/Pipeline.php(167): Illuminate\\Foundation\\Http\\Middleware\\TrimStrings->handle()
#25 /home/ua_user/web/vds45379nl.hyperhost.name/public_html/vendor/laravel/framework/src/Illuminate/Foundation/Http/Middleware/ValidatePostSize.php(27): Illuminate\\Pipeline\\Pipeline->Illuminate\\Pipeline\\{closure}()
#26 /home/ua_user/web/vds45379nl.hyperhost.name/public_html/vendor/laravel/framework/src/Illuminate/Pipeline/Pipeline.php(167): Illuminate\\Foundation\\Http\\Middleware\\ValidatePostSize->handle()
#27 /home/ua_user/web/vds45379nl.hyperhost.name/public_html/vendor/laravel/framework/src/Illuminate/Foundation/Http/Middleware/PreventRequestsDuringMaintenance.php(86): Illuminate\\Pipeline\\Pipeline->Illuminate\\Pipeline\\{closure}()
#28 /home/ua_user/web/vds45379nl.hyperhost.name/public_html/vendor/laravel/framework/src/Illuminate/Pipeline/Pipeline.php(167): Illuminate\\Foundation\\Http\\Middleware\\PreventRequestsDuringMaintenance->handle()
#29 /home/ua_user/web/vds45379nl.hyperhost.name/public_html/vendor/fruitcake/laravel-cors/src/HandleCors.php(38): Illuminate\\Pipeline\\Pipeline->Illuminate\\Pipeline\\{closure}()
#30 /home/ua_user/web/vds45379nl.hyperhost.name/public_html/vendor/laravel/framework/src/Illuminate/Pipeline/Pipeline.php(167): Fruitcake\\Cors\\HandleCors->handle()
#31 /home/ua_user/web/vds45379nl.hyperhost.name/public_html/vendor/fideloper/proxy/src/TrustProxies.php(57): Illuminate\\Pipeline\\Pipeline->Illuminate\\Pipeline\\{closure}()
#32 /home/ua_user/web/vds45379nl.hyperhost.name/public_html/vendor/laravel/framework/src/Illuminate/Pipeline/Pipeline.php(167): Fideloper\\Proxy\\TrustProxies->handle()
#33 /home/ua_user/web/vds45379nl.hyperhost.name/public_html/vendor/laravel/framework/src/Illuminate/Pipeline/Pipeline.php(103): Illuminate\\Pipeline\\Pipeline->Illuminate\\Pipeline\\{closure}()
#34 /home/ua_user/web/vds45379nl.hyperhost.name/public_html/vendor/laravel/framework/src/Illuminate/Foundation/Http/Kernel.php(141): Illuminate\\Pipeline\\Pipeline->then()
#35 /home/ua_user/web/vds45379nl.hyperhost.name/public_html/vendor/laravel/framework/src/Illuminate/Foundation/Http/Kernel.php(110): Illuminate\\Foundation\\Http\\Kernel->sendRequestThroughRouter()
#36 /home/ua_user/web/vds45379nl.hyperhost.name/public_html/public/index.php(52): Illuminate\\Foundation\\Http\\Kernel->handle()
#37 {main}
"} 
[2021-07-20 20:46:56] local.ERROR: file_put_contents(C:\Users\User\PhpstormProjects\my_ua\weua\storage\framework/sessions/sj3bYXAkmL721ujZjvwQkvPmldrUJlVcXRKLCwEz): failed to open stream: No such file or directory {"exception":"[object] (ErrorException(code: 0): file_put_contents(C:\\Users\\User\\PhpstormProjects\\my_ua\\weua\\storage\\framework/sessions/sj3bYXAkmL721ujZjvwQkvPmldrUJlVcXRKLCwEz): failed to open stream: No such file or directory at /home/ua_user/web/vds45379nl.hyperhost.name/public_html/vendor/laravel/framework/src/Illuminate/Filesystem/Filesystem.php:187)
[stacktrace]
#0 [internal function]: Illuminate\\Foundation\\Bootstrap\\HandleExceptions->handleError()
#1 /home/ua_user/web/vds45379nl.hyperhost.name/public_html/vendor/laravel/framework/src/Illuminate/Filesystem/Filesystem.php(187): file_put_contents()
#2 /home/ua_user/web/vds45379nl.hyperhost.name/public_html/vendor/laravel/framework/src/Illuminate/Session/FileSessionHandler.php(83): Illuminate\\Filesystem\\Filesystem->put()
#3 /home/ua_user/web/vds45379nl.hyperhost.name/public_html/vendor/laravel/framework/src/Illuminate/Session/Store.php(129): Illuminate\\Session\\FileSessionHandler->write()
#4 /home/ua_user/web/vds45379nl.hyperhost.name/public_html/vendor/laravel/framework/src/Illuminate/Session/Middleware/StartSession.php(236): Illuminate\\Session\\Store->save()
#5 /home/ua_user/web/vds45379nl.hyperhost.name/public_html/vendor/laravel/framework/src/Illuminate/Session/Middleware/StartSession.php(130): Illuminate\\Session\\Middleware\\StartSession->saveSession()
#6 /home/ua_user/web/vds45379nl.hyperhost.name/public_html/vendor/laravel/framework/src/Illuminate/Session/Middleware/StartSession.php(64): Illuminate\\Session\\Middleware\\StartSession->handleStatefulRequest()
#7 /home/ua_user/web/vds45379nl.hyperhost.name/public_html/vendor/laravel/framework/src/Illuminate/Pipeline/Pipeline.php(167): Illuminate\\Session\\Middleware\\StartSession->handle()
#8 /home/ua_user/web/vds45379nl.hyperhost.name/public_html/vendor/laravel/framework/src/Illuminate/Cookie/Middleware/AddQueuedCookiesToResponse.php(37): Illuminate\\Pipeline\\Pipeline->Illuminate\\Pipeline\\{closure}()
#9 /home/ua_user/web/vds45379nl.hyperhost.name/public_html/vendor/laravel/framework/src/Illuminate/Pipeline/Pipeline.php(167): Illuminate\\Cookie\\Middleware\\AddQueuedCookiesToResponse->handle()
#10 /home/ua_user/web/vds45379nl.hyperhost.name/public_html/vendor/laravel/framework/src/Illuminate/Cookie/Middleware/EncryptCookies.php(67): Illuminate\\Pipeline\\Pipeline->Illuminate\\Pipeline\\{closure}()
#11 /home/ua_user/web/vds45379nl.hyperhost.name/public_html/vendor/laravel/framework/src/Illuminate/Pipeline/Pipeline.php(167): Illuminate\\Cookie\\Middleware\\EncryptCookies->handle()
#12 /home/ua_user/web/vds45379nl.hyperhost.name/public_html/vendor/laravel/framework/src/Illuminate/Pipeline/Pipeline.php(103): Illuminate\\Pipeline\\Pipeline->Illuminate\\Pipeline\\{closure}()
#13 /home/ua_user/web/vds45379nl.hyperhost.name/public_html/vendor/laravel/framework/src/Illuminate/Routing/Router.php(697): Illuminate\\Pipeline\\Pipeline->then()
#14 /home/ua_user/web/vds45379nl.hyperhost.name/public_html/vendor/laravel/framework/src/Illuminate/Routing/Router.php(672): Illuminate\\Routing\\Router->runRouteWithinStack()
#15 /home/ua_user/web/vds45379nl.hyperhost.name/public_html/vendor/laravel/framework/src/Illuminate/Routing/Router.php(636): Illuminate\\Routing\\Router->runRoute()
#16 /home/ua_user/web/vds45379nl.hyperhost.name/public_html/vendor/laravel/framework/src/Illuminate/Routing/Router.php(625): Illuminate\\Routing\\Router->dispatchToRoute()
#17 /home/ua_user/web/vds45379nl.hyperhost.name/public_html/vendor/laravel/framework/src/Illuminate/Foundation/Http/Kernel.php(166): Illuminate\\Routing\\Router->dispatch()
#18 /home/ua_user/web/vds45379nl.hyperhost.name/public_html/vendor/laravel/framework/src/Illuminate/Pipeline/Pipeline.php(128): Illuminate\\Foundation\\Http\\Kernel->Illuminate\\Foundation\\Http\\{closure}()
#19 /home/ua_user/web/vds45379nl.hyperhost.name/public_html/vendor/laravel/framework/src/Illuminate/Foundation/Http/Middleware/TransformsRequest.php(21): Illuminate\\Pipeline\\Pipeline->Illuminate\\Pipeline\\{closure}()
#20 /home/ua_user/web/vds45379nl.hyperhost.name/public_html/vendor/laravel/framework/src/Illuminate/Foundation/Http/Middleware/ConvertEmptyStringsToNull.php(31): Illuminate\\Foundation\\Http\\Middleware\\TransformsRequest->handle()
#21 /home/ua_user/web/vds45379nl.hyperhost.name/public_html/vendor/laravel/framework/src/Illuminate/Pipeline/Pipeline.php(167): Illuminate\\Foundation\\Http\\Middleware\\ConvertEmptyStringsToNull->handle()
#22 /home/ua_user/web/vds45379nl.hyperhost.name/public_html/vendor/laravel/framework/src/Illuminate/Foundation/Http/Middleware/TransformsRequest.php(21): Illuminate\\Pipeline\\Pipeline->Illuminate\\Pipeline\\{closure}()
#23 /home/ua_user/web/vds45379nl.hyperhost.name/public_html/vendor/laravel/framework/src/Illuminate/Foundation/Http/Middleware/TrimStrings.php(40): Illuminate\\Foundation\\Http\\Middleware\\TransformsRequest->handle()
#24 /home/ua_user/web/vds45379nl.hyperhost.name/public_html/vendor/laravel/framework/src/Illuminate/Pipeline/Pipeline.php(167): Illuminate\\Foundation\\Http\\Middleware\\TrimStrings->handle()
#25 /home/ua_user/web/vds45379nl.hyperhost.name/public_html/vendor/laravel/framework/src/Illuminate/Foundation/Http/Middleware/ValidatePostSize.php(27): Illuminate\\Pipeline\\Pipeline->Illuminate\\Pipeline\\{closure}()
#26 /home/ua_user/web/vds45379nl.hyperhost.name/public_html/vendor/laravel/framework/src/Illuminate/Pipeline/Pipeline.php(167): Illuminate\\Foundation\\Http\\Middleware\\ValidatePostSize->handle()
#27 /home/ua_user/web/vds45379nl.hyperhost.name/public_html/vendor/laravel/framework/src/Illuminate/Foundation/Http/Middleware/PreventRequestsDuringMaintenance.php(86): Illuminate\\Pipeline\\Pipeline->Illuminate\\Pipeline\\{closure}()
#28 /home/ua_user/web/vds45379nl.hyperhost.name/public_html/vendor/laravel/framework/src/Illuminate/Pipeline/Pipeline.php(167): Illuminate\\Foundation\\Http\\Middleware\\PreventRequestsDuringMaintenance->handle()
#29 /home/ua_user/web/vds45379nl.hyperhost.name/public_html/vendor/fruitcake/laravel-cors/src/HandleCors.php(38): Illuminate\\Pipeline\\Pipeline->Illuminate\\Pipeline\\{closure}()
#30 /home/ua_user/web/vds45379nl.hyperhost.name/public_html/vendor/laravel/framework/src/Illuminate/Pipeline/Pipeline.php(167): Fruitcake\\Cors\\HandleCors->handle()
#31 /home/ua_user/web/vds45379nl.hyperhost.name/public_html/vendor/fideloper/proxy/src/TrustProxies.php(57): Illuminate\\Pipeline\\Pipeline->Illuminate\\Pipeline\\{closure}()
#32 /home/ua_user/web/vds45379nl.hyperhost.name/public_html/vendor/laravel/framework/src/Illuminate/Pipeline/Pipeline.php(167): Fideloper\\Proxy\\TrustProxies->handle()
#33 /home/ua_user/web/vds45379nl.hyperhost.name/public_html/vendor/laravel/framework/src/Illuminate/Pipeline/Pipeline.php(103): Illuminate\\Pipeline\\Pipeline->Illuminate\\Pipeline\\{closure}()
#34 /home/ua_user/web/vds45379nl.hyperhost.name/public_html/vendor/laravel/framework/src/Illuminate/Foundation/Http/Kernel.php(141): Illuminate\\Pipeline\\Pipeline->then()
#35 /home/ua_user/web/vds45379nl.hyperhost.name/public_html/vendor/laravel/framework/src/Illuminate/Foundation/Http/Kernel.php(110): Illuminate\\Foundation\\Http\\Kernel->sendRequestThroughRouter()
#36 /home/ua_user/web/vds45379nl.hyperhost.name/public_html/public/index.php(52): Illuminate\\Foundation\\Http\\Kernel->handle()
#37 {main}
"} 
[2021-07-20 20:47:34] local.ERROR: View [auth.register] not found. {"exception":"[object] (InvalidArgumentException(code: 0): View [auth.register] not found. at /home/ua_user/web/vds45379nl.hyperhost.name/public_html/vendor/laravel/framework/src/Illuminate/View/FileViewFinder.php:137)
[stacktrace]
#0 /home/ua_user/web/vds45379nl.hyperhost.name/public_html/vendor/laravel/framework/src/Illuminate/View/FileViewFinder.php(79): Illuminate\\View\\FileViewFinder->findInPaths()
#1 /home/ua_user/web/vds45379nl.hyperhost.name/public_html/vendor/laravel/framework/src/Illuminate/View/Factory.php(138): Illuminate\\View\\FileViewFinder->find()
#2 /home/ua_user/web/vds45379nl.hyperhost.name/public_html/vendor/laravel/framework/src/Illuminate/Foundation/helpers.php(919): Illuminate\\View\\Factory->make()
#3 /home/ua_user/web/vds45379nl.hyperhost.name/public_html/vendor/laravel/ui/auth-backend/RegistersUsers.php(21): view()
#4 /home/ua_user/web/vds45379nl.hyperhost.name/public_html/vendor/laravel/framework/src/Illuminate/Routing/Controller.php(54): App\\Http\\Controllers\\Auth\\RegisterController->showRegistrationForm()
#5 /home/ua_user/web/vds45379nl.hyperhost.name/public_html/vendor/laravel/framework/src/Illuminate/Routing/ControllerDispatcher.php(45): Illuminate\\Routing\\Controller->callAction()
#6 /home/ua_user/web/vds45379nl.hyperhost.name/public_html/vendor/laravel/framework/src/Illuminate/Routing/Route.php(254): Illuminate\\Routing\\ControllerDispatcher->dispatch()
#7 /home/ua_user/web/vds45379nl.hyperhost.name/public_html/vendor/laravel/framework/src/Illuminate/Routing/Route.php(197): Illuminate\\Routing\\Route->runController()
#8 /home/ua_user/web/vds45379nl.hyperhost.name/public_html/vendor/laravel/framework/src/Illuminate/Routing/Router.php(695): Illuminate\\Routing\\Route->run()
#9 /home/ua_user/web/vds45379nl.hyperhost.name/public_html/vendor/laravel/framework/src/Illuminate/Pipeline/Pipeline.php(128): Illuminate\\Routing\\Router->Illuminate\\Routing\\{closure}()
#10 /home/ua_user/web/vds45379nl.hyperhost.name/public_html/app/Http/Middleware/RedirectIfAuthenticated.php(30): Illuminate\\Pipeline\\Pipeline->Illuminate\\Pipeline\\{closure}()
#11 /home/ua_user/web/vds45379nl.hyperhost.name/public_html/vendor/laravel/framework/src/Illuminate/Pipeline/Pipeline.php(167): App\\Http\\Middleware\\RedirectIfAuthenticated->handle()
#12 /home/ua_user/web/vds45379nl.hyperhost.name/public_html/vendor/laravel/framework/src/Illuminate/Routing/Middleware/SubstituteBindings.php(50): Illuminate\\Pipeline\\Pipeline->Illuminate\\Pipeline\\{closure}()
#13 /home/ua_user/web/vds45379nl.hyperhost.name/public_html/vendor/laravel/framework/src/Illuminate/Pipeline/Pipeline.php(167): Illuminate\\Routing\\Middleware\\SubstituteBindings->handle()
#14 /home/ua_user/web/vds45379nl.hyperhost.name/public_html/vendor/laravel/framework/src/Illuminate/Foundation/Http/Middleware/VerifyCsrfToken.php(78): Illuminate\\Pipeline\\Pipeline->Illuminate\\Pipeline\\{closure}()
#15 /home/ua_user/web/vds45379nl.hyperhost.name/public_html/vendor/laravel/framework/src/Illuminate/Pipeline/Pipeline.php(167): Illuminate\\Foundation\\Http\\Middleware\\VerifyCsrfToken->handle()
#16 /home/ua_user/web/vds45379nl.hyperhost.name/public_html/vendor/laravel/framework/src/Illuminate/View/Middleware/ShareErrorsFromSession.php(49): Illuminate\\Pipeline\\Pipeline->Illuminate\\Pipeline\\{closure}()
#17 /home/ua_user/web/vds45379nl.hyperhost.name/public_html/vendor/laravel/framework/src/Illuminate/Pipeline/Pipeline.php(167): Illuminate\\View\\Middleware\\ShareErrorsFromSession->handle()
#18 /home/ua_user/web/vds45379nl.hyperhost.name/public_html/vendor/laravel/framework/src/Illuminate/Session/Middleware/StartSession.php(121): Illuminate\\Pipeline\\Pipeline->Illuminate\\Pipeline\\{closure}()
#19 /home/ua_user/web/vds45379nl.hyperhost.name/public_html/vendor/laravel/framework/src/Illuminate/Session/Middleware/StartSession.php(64): Illuminate\\Session\\Middleware\\StartSession->handleStatefulRequest()
#20 /home/ua_user/web/vds45379nl.hyperhost.name/public_html/vendor/laravel/framework/src/Illuminate/Pipeline/Pipeline.php(167): Illuminate\\Session\\Middleware\\StartSession->handle()
#21 /home/ua_user/web/vds45379nl.hyperhost.name/public_html/vendor/laravel/framework/src/Illuminate/Cookie/Middleware/AddQueuedCookiesToResponse.php(37): Illuminate\\Pipeline\\Pipeline->Illuminate\\Pipeline\\{closure}()
#22 /home/ua_user/web/vds45379nl.hyperhost.name/public_html/vendor/laravel/framework/src/Illuminate/Pipeline/Pipeline.php(167): Illuminate\\Cookie\\Middleware\\AddQueuedCookiesToResponse->handle()
#23 /home/ua_user/web/vds45379nl.hyperhost.name/public_html/vendor/laravel/framework/src/Illuminate/Cookie/Middleware/EncryptCookies.php(67): Illuminate\\Pipeline\\Pipeline->Illuminate\\Pipeline\\{closure}()
#24 /home/ua_user/web/vds45379nl.hyperhost.name/public_html/vendor/laravel/framework/src/Illuminate/Pipeline/Pipeline.php(167): Illuminate\\Cookie\\Middleware\\EncryptCookies->handle()
#25 /home/ua_user/web/vds45379nl.hyperhost.name/public_html/vendor/laravel/framework/src/Illuminate/Pipeline/Pipeline.php(103): Illuminate\\Pipeline\\Pipeline->Illuminate\\Pipeline\\{closure}()
#26 /home/ua_user/web/vds45379nl.hyperhost.name/public_html/vendor/laravel/framework/src/Illuminate/Routing/Router.php(697): Illuminate\\Pipeline\\Pipeline->then()
#27 /home/ua_user/web/vds45379nl.hyperhost.name/public_html/vendor/laravel/framework/src/Illuminate/Routing/Router.php(672): Illuminate\\Routing\\Router->runRouteWithinStack()
#28 /home/ua_user/web/vds45379nl.hyperhost.name/public_html/vendor/laravel/framework/src/Illuminate/Routing/Router.php(636): Illuminate\\Routing\\Router->runRoute()
#29 /home/ua_user/web/vds45379nl.hyperhost.name/public_html/vendor/laravel/framework/src/Illuminate/Routing/Router.php(625): Illuminate\\Routing\\Router->dispatchToRoute()
#30 /home/ua_user/web/vds45379nl.hyperhost.name/public_html/vendor/laravel/framework/src/Illuminate/Foundation/Http/Kernel.php(166): Illuminate\\Routing\\Router->dispatch()
#31 /home/ua_user/web/vds45379nl.hyperhost.name/public_html/vendor/laravel/framework/src/Illuminate/Pipeline/Pipeline.php(128): Illuminate\\Foundation\\Http\\Kernel->Illuminate\\Foundation\\Http\\{closure}()
#32 /home/ua_user/web/vds45379nl.hyperhost.name/public_html/vendor/laravel/framework/src/Illuminate/Foundation/Http/Middleware/TransformsRequest.php(21): Illuminate\\Pipeline\\Pipeline->Illuminate\\Pipeline\\{closure}()
#33 /home/ua_user/web/vds45379nl.hyperhost.name/public_html/vendor/laravel/framework/src/Illuminate/Foundation/Http/Middleware/ConvertEmptyStringsToNull.php(31): Illuminate\\Foundation\\Http\\Middleware\\TransformsRequest->handle()
#34 /home/ua_user/web/vds45379nl.hyperhost.name/public_html/vendor/laravel/framework/src/Illuminate/Pipeline/Pipeline.php(167): Illuminate\\Foundation\\Http\\Middleware\\ConvertEmptyStringsToNull->handle()
#35 /home/ua_user/web/vds45379nl.hyperhost.name/public_html/vendor/laravel/framework/src/Illuminate/Foundation/Http/Middleware/TransformsRequest.php(21): Illuminate\\Pipeline\\Pipeline->Illuminate\\Pipeline\\{closure}()
#36 /home/ua_user/web/vds45379nl.hyperhost.name/public_html/vendor/laravel/framework/src/Illuminate/Foundation/Http/Middleware/TrimStrings.php(40): Illuminate\\Foundation\\Http\\Middleware\\TransformsRequest->handle()
#37 /home/ua_user/web/vds45379nl.hyperhost.name/public_html/vendor/laravel/framework/src/Illuminate/Pipeline/Pipeline.php(167): Illuminate\\Foundation\\Http\\Middleware\\TrimStrings->handle()
#38 /home/ua_user/web/vds45379nl.hyperhost.name/public_html/vendor/laravel/framework/src/Illuminate/Foundation/Http/Middleware/ValidatePostSize.php(27): Illuminate\\Pipeline\\Pipeline->Illuminate\\Pipeline\\{closure}()
#39 /home/ua_user/web/vds45379nl.hyperhost.name/public_html/vendor/laravel/framework/src/Illuminate/Pipeline/Pipeline.php(167): Illuminate\\Foundation\\Http\\Middleware\\ValidatePostSize->handle()
#40 /home/ua_user/web/vds45379nl.hyperhost.name/public_html/vendor/laravel/framework/src/Illuminate/Foundation/Http/Middleware/PreventRequestsDuringMaintenance.php(86): Illuminate\\Pipeline\\Pipeline->Illuminate\\Pipeline\\{closure}()
#41 /home/ua_user/web/vds45379nl.hyperhost.name/public_html/vendor/laravel/framework/src/Illuminate/Pipeline/Pipeline.php(167): Illuminate\\Foundation\\Http\\Middleware\\PreventRequestsDuringMaintenance->handle()
#42 /home/ua_user/web/vds45379nl.hyperhost.name/public_html/vendor/fruitcake/laravel-cors/src/HandleCors.php(38): Illuminate\\Pipeline\\Pipeline->Illuminate\\Pipeline\\{closure}()
#43 /home/ua_user/web/vds45379nl.hyperhost.name/public_html/vendor/laravel/framework/src/Illuminate/Pipeline/Pipeline.php(167): Fruitcake\\Cors\\HandleCors->handle()
#44 /home/ua_user/web/vds45379nl.hyperhost.name/public_html/vendor/fideloper/proxy/src/TrustProxies.php(57): Illuminate\\Pipeline\\Pipeline->Illuminate\\Pipeline\\{closure}()
#45 /home/ua_user/web/vds45379nl.hyperhost.name/public_html/vendor/laravel/framework/src/Illuminate/Pipeline/Pipeline.php(167): Fideloper\\Proxy\\TrustProxies->handle()
#46 /home/ua_user/web/vds45379nl.hyperhost.name/public_html/vendor/laravel/framework/src/Illuminate/Pipeline/Pipeline.php(103): Illuminate\\Pipeline\\Pipeline->Illuminate\\Pipeline\\{closure}()
#47 /home/ua_user/web/vds45379nl.hyperhost.name/public_html/vendor/laravel/framework/src/Illuminate/Foundation/Http/Kernel.php(141): Illuminate\\Pipeline\\Pipeline->then()
#48 /home/ua_user/web/vds45379nl.hyperhost.name/public_html/vendor/laravel/framework/src/Illuminate/Foundation/Http/Kernel.php(110): Illuminate\\Foundation\\Http\\Kernel->sendRequestThroughRouter()
#49 /home/ua_user/web/vds45379nl.hyperhost.name/public_html/public/index.php(52): Illuminate\\Foundation\\Http\\Kernel->handle()
#50 {main}
"} 
[2021-07-20 20:47:34] local.ERROR: file_put_contents(C:\Users\User\PhpstormProjects\my_ua\weua\storage\framework/sessions/sj3bYXAkmL721ujZjvwQkvPmldrUJlVcXRKLCwEz): failed to open stream: No such file or directory {"exception":"[object] (ErrorException(code: 0): file_put_contents(C:\\Users\\User\\PhpstormProjects\\my_ua\\weua\\storage\\framework/sessions/sj3bYXAkmL721ujZjvwQkvPmldrUJlVcXRKLCwEz): failed to open stream: No such file or directory at /home/ua_user/web/vds45379nl.hyperhost.name/public_html/vendor/laravel/framework/src/Illuminate/Filesystem/Filesystem.php:187)
[stacktrace]
#0 [internal function]: Illuminate\\Foundation\\Bootstrap\\HandleExceptions->handleError()
#1 /home/ua_user/web/vds45379nl.hyperhost.name/public_html/vendor/laravel/framework/src/Illuminate/Filesystem/Filesystem.php(187): file_put_contents()
#2 /home/ua_user/web/vds45379nl.hyperhost.name/public_html/vendor/laravel/framework/src/Illuminate/Session/FileSessionHandler.php(83): Illuminate\\Filesystem\\Filesystem->put()
#3 /home/ua_user/web/vds45379nl.hyperhost.name/public_html/vendor/laravel/framework/src/Illuminate/Session/Store.php(129): Illuminate\\Session\\FileSessionHandler->write()
#4 /home/ua_user/web/vds45379nl.hyperhost.name/public_html/vendor/laravel/framework/src/Illuminate/Session/Middleware/StartSession.php(236): Illuminate\\Session\\Store->save()
#5 /home/ua_user/web/vds45379nl.hyperhost.name/public_html/vendor/laravel/framework/src/Illuminate/Session/Middleware/StartSession.php(130): Illuminate\\Session\\Middleware\\StartSession->saveSession()
#6 /home/ua_user/web/vds45379nl.hyperhost.name/public_html/vendor/laravel/framework/src/Illuminate/Session/Middleware/StartSession.php(64): Illuminate\\Session\\Middleware\\StartSession->handleStatefulRequest()
#7 /home/ua_user/web/vds45379nl.hyperhost.name/public_html/vendor/laravel/framework/src/Illuminate/Pipeline/Pipeline.php(167): Illuminate\\Session\\Middleware\\StartSession->handle()
#8 /home/ua_user/web/vds45379nl.hyperhost.name/public_html/vendor/laravel/framework/src/Illuminate/Cookie/Middleware/AddQueuedCookiesToResponse.php(37): Illuminate\\Pipeline\\Pipeline->Illuminate\\Pipeline\\{closure}()
#9 /home/ua_user/web/vds45379nl.hyperhost.name/public_html/vendor/laravel/framework/src/Illuminate/Pipeline/Pipeline.php(167): Illuminate\\Cookie\\Middleware\\AddQueuedCookiesToResponse->handle()
#10 /home/ua_user/web/vds45379nl.hyperhost.name/public_html/vendor/laravel/framework/src/Illuminate/Cookie/Middleware/EncryptCookies.php(67): Illuminate\\Pipeline\\Pipeline->Illuminate\\Pipeline\\{closure}()
#11 /home/ua_user/web/vds45379nl.hyperhost.name/public_html/vendor/laravel/framework/src/Illuminate/Pipeline/Pipeline.php(167): Illuminate\\Cookie\\Middleware\\EncryptCookies->handle()
#12 /home/ua_user/web/vds45379nl.hyperhost.name/public_html/vendor/laravel/framework/src/Illuminate/Pipeline/Pipeline.php(103): Illuminate\\Pipeline\\Pipeline->Illuminate\\Pipeline\\{closure}()
#13 /home/ua_user/web/vds45379nl.hyperhost.name/public_html/vendor/laravel/framework/src/Illuminate/Routing/Router.php(697): Illuminate\\Pipeline\\Pipeline->then()
#14 /home/ua_user/web/vds45379nl.hyperhost.name/public_html/vendor/laravel/framework/src/Illuminate/Routing/Router.php(672): Illuminate\\Routing\\Router->runRouteWithinStack()
#15 /home/ua_user/web/vds45379nl.hyperhost.name/public_html/vendor/laravel/framework/src/Illuminate/Routing/Router.php(636): Illuminate\\Routing\\Router->runRoute()
#16 /home/ua_user/web/vds45379nl.hyperhost.name/public_html/vendor/laravel/framework/src/Illuminate/Routing/Router.php(625): Illuminate\\Routing\\Router->dispatchToRoute()
#17 /home/ua_user/web/vds45379nl.hyperhost.name/public_html/vendor/laravel/framework/src/Illuminate/Foundation/Http/Kernel.php(166): Illuminate\\Routing\\Router->dispatch()
#18 /home/ua_user/web/vds45379nl.hyperhost.name/public_html/vendor/laravel/framework/src/Illuminate/Pipeline/Pipeline.php(128): Illuminate\\Foundation\\Http\\Kernel->Illuminate\\Foundation\\Http\\{closure}()
#19 /home/ua_user/web/vds45379nl.hyperhost.name/public_html/vendor/laravel/framework/src/Illuminate/Foundation/Http/Middleware/TransformsRequest.php(21): Illuminate\\Pipeline\\Pipeline->Illuminate\\Pipeline\\{closure}()
#20 /home/ua_user/web/vds45379nl.hyperhost.name/public_html/vendor/laravel/framework/src/Illuminate/Foundation/Http/Middleware/ConvertEmptyStringsToNull.php(31): Illuminate\\Foundation\\Http\\Middleware\\TransformsRequest->handle()
#21 /home/ua_user/web/vds45379nl.hyperhost.name/public_html/vendor/laravel/framework/src/Illuminate/Pipeline/Pipeline.php(167): Illuminate\\Foundation\\Http\\Middleware\\ConvertEmptyStringsToNull->handle()
#22 /home/ua_user/web/vds45379nl.hyperhost.name/public_html/vendor/laravel/framework/src/Illuminate/Foundation/Http/Middleware/TransformsRequest.php(21): Illuminate\\Pipeline\\Pipeline->Illuminate\\Pipeline\\{closure}()
#23 /home/ua_user/web/vds45379nl.hyperhost.name/public_html/vendor/laravel/framework/src/Illuminate/Foundation/Http/Middleware/TrimStrings.php(40): Illuminate\\Foundation\\Http\\Middleware\\TransformsRequest->handle()
#24 /home/ua_user/web/vds45379nl.hyperhost.name/public_html/vendor/laravel/framework/src/Illuminate/Pipeline/Pipeline.php(167): Illuminate\\Foundation\\Http\\Middleware\\TrimStrings->handle()
#25 /home/ua_user/web/vds45379nl.hyperhost.name/public_html/vendor/laravel/framework/src/Illuminate/Foundation/Http/Middleware/ValidatePostSize.php(27): Illuminate\\Pipeline\\Pipeline->Illuminate\\Pipeline\\{closure}()
#26 /home/ua_user/web/vds45379nl.hyperhost.name/public_html/vendor/laravel/framework/src/Illuminate/Pipeline/Pipeline.php(167): Illuminate\\Foundation\\Http\\Middleware\\ValidatePostSize->handle()
#27 /home/ua_user/web/vds45379nl.hyperhost.name/public_html/vendor/laravel/framework/src/Illuminate/Foundation/Http/Middleware/PreventRequestsDuringMaintenance.php(86): Illuminate\\Pipeline\\Pipeline->Illuminate\\Pipeline\\{closure}()
#28 /home/ua_user/web/vds45379nl.hyperhost.name/public_html/vendor/laravel/framework/src/Illuminate/Pipeline/Pipeline.php(167): Illuminate\\Foundation\\Http\\Middleware\\PreventRequestsDuringMaintenance->handle()
#29 /home/ua_user/web/vds45379nl.hyperhost.name/public_html/vendor/fruitcake/laravel-cors/src/HandleCors.php(38): Illuminate\\Pipeline\\Pipeline->Illuminate\\Pipeline\\{closure}()
#30 /home/ua_user/web/vds45379nl.hyperhost.name/public_html/vendor/laravel/framework/src/Illuminate/Pipeline/Pipeline.php(167): Fruitcake\\Cors\\HandleCors->handle()
#31 /home/ua_user/web/vds45379nl.hyperhost.name/public_html/vendor/fideloper/proxy/src/TrustProxies.php(57): Illuminate\\Pipeline\\Pipeline->Illuminate\\Pipeline\\{closure}()
#32 /home/ua_user/web/vds45379nl.hyperhost.name/public_html/vendor/laravel/framework/src/Illuminate/Pipeline/Pipeline.php(167): Fideloper\\Proxy\\TrustProxies->handle()
#33 /home/ua_user/web/vds45379nl.hyperhost.name/public_html/vendor/laravel/framework/src/Illuminate/Pipeline/Pipeline.php(103): Illuminate\\Pipeline\\Pipeline->Illuminate\\Pipeline\\{closure}()
#34 /home/ua_user/web/vds45379nl.hyperhost.name/public_html/vendor/laravel/framework/src/Illuminate/Foundation/Http/Kernel.php(141): Illuminate\\Pipeline\\Pipeline->then()
#35 /home/ua_user/web/vds45379nl.hyperhost.name/public_html/vendor/laravel/framework/src/Illuminate/Foundation/Http/Kernel.php(110): Illuminate\\Foundation\\Http\\Kernel->sendRequestThroughRouter()
#36 /home/ua_user/web/vds45379nl.hyperhost.name/public_html/public/index.php(52): Illuminate\\Foundation\\Http\\Kernel->handle()
#37 {main}
"} 
